id_estudante,estado,cidade,tipo_escola,renda_familiar,nota_matematica,nota_linguagens,nota_ciencias,nota_humanas,nota_redacao,media_final
1,RJ,Rio de Janeiro,Privada,4277.46,595.34,648.4,699.21,675.79,682.02,660.15
2,AM,Manaus,Privada,10758.81,788.2,797.79,648.6,759.84,795.12,757.91
3,BA,Feira de Santana,Pública,11641.62,730.29,636.45,704.96,721.38,685.06,695.63
4,RJ,Duque de Caxias,Pública,4963.13,391.0,493.05,508.04,434.84,375.36,440.46
5,RJ,Niterói,Privada,6197.79,452.66,576.27,476.36,426.11,601.69,506.62
6,AM,Itacoatiara,Pública,7364.1,759.72,607.88,660.18,697.08,652.18,675.41
7,SP,Santos,Pública,1739.88,478.0,533.93,590.82,635.95,653.62,578.46
8,MG,Juiz de Fora,Pública,11378.84,554.05,460.46,470.58,497.78,564.83,509.54
9,CE,Fortaleza,Privada,13027.66,720.91,597.42,609.56,595.12,598.28,624.26
10,BA,Salvador,Pública,2426.63,630.84,673.08,745.65,702.35,705.0,691.39
11,BA,Feira de Santana,Pública,2311.03,402.6,509.92,551.29,563.48,649.43,535.34
12,AM,Manaus,Pública,7738.2,731.59,673.47,612.9,662.05,754.89,686.98
13,RJ,Rio de Janeiro,Privada,12387.53,663.92,611.73,774.81,792.35,582.5,685.06
14,AM,Itacoatiara,Pública,10923.88,465.96,420.62,529.28,436.2,472.11,464.83
15,SP,Campinas,Pública,902.11,656.39,637.2,686.19,638.76,568.74,637.46
16,CE,Caucaia,Pública,11071.61,588.71,573.63,528.76,603.76,685.51,596.07
17,PE,Petrolina,Pública,13066.48,627.33,594.49,762.95,698.55,676.82,672.03
18,RS,Caxias do Sul,Pública,2790.59,429.83,591.88,668.53,609.02,584.47,576.75
19,AM,Manaus,Privada,13954.41,620.77,632.17,682.56,668.53,644.81,649.77
20,PR,Maringá,Privada,11948.84,703.65,556.57,600.96,645.98,648.24,631.08
21,AM,Manaus,Privada,1611.75,610.84,730.68,785.01,677.68,669.99,694.84
22,DF,Brasília,Pública,4139.9,831.59,653.57,672.13,659.05,770.94,717.45
23,AM,Parintins,Privada,3700.48,594.01,568.44,569.27,697.11,687.67,623.3
24,DF,Brasília,Pública,3826.79,778.68,588.6,684.31,602.65,716.81,674.21
25,BA,Salvador,Pública,8675.35,874.17,801.38,714.4,841.81,724.72,791.3
26,BA,Feira de Santana,Privada,3691.08,551.93,679.28,512.67,631.43,626.28,600.32
27,BA,Salvador,Pública,11749.89,556.88,499.31,537.48,581.1,561.19,547.19
28,MG,Belo Horizonte,Privada,9071.64,793.41,609.88,762.51,582.93,687.44,687.23
29,RJ,Nova Iguaçu,Privada,13354.71,752.95,784.08,620.12,774.79,655.17,717.42
30,PR,Curitiba,Pública,13927.72,589.49,612.41,567.78,662.83,714.78,629.45
31,PR,Curitiba,Privada,3958.56,678.44,614.42,697.91,661.14,585.02,647.39
32,BA,Vitória da Conquista,Pública,6475.43,605.14,708.93,870.08,837.7,824.37,769.24
33,BA,Salvador,Pública,6970.81,770.34,860.17,720.78,780.84,733.75,773.18
34,PR,Curitiba,Pública,12252.45,716.83,535.66,594.17,626.83,731.86,641.07
35,DF,Taguatinga,Pública,2569.68,449.03,539.14,496.84,618.58,497.0,520.12
36,PR,Londrina,Pública,5073.49,654.24,582.62,505.05,613.39,535.22,578.1
37,CE,Caucaia,Pública,12071.04,564.04,438.44,505.87,605.48,501.77,523.12
38,RS,Pelotas,Pública,3627.65,583.52,643.96,590.69,558.55,485.06,572.36
39,RS,Santa Maria,Pública,4264.58,787.54,661.23,661.62,631.84,616.16,671.68
40,AM,Parintins,Pública,4338.62,516.96,651.7,526.95,480.56,470.99,529.43
41,CE,Sobral,Privada,8579.78,508.59,553.2,604.72,495.02,458.55,524.02
42,AM,Parintins,Pública,4699.28,694.54,626.28,731.38,683.74,699.56,687.1
43,MG,Uberlândia,Pública,6587.91,513.23,405.92,587.82,446.76,461.71,483.09
44,DF,Taguatinga,Pública,14186.93,695.11,614.34,506.72,566.57,442.18,564.98
45,RS,Santa Maria,Pública,6988.87,704.68,641.49,693.3,643.07,679.19,672.35
46,DF,Ceilândia,Pública,6395.09,595.79,626.7,637.23,633.8,605.51,619.81
47,RS,Santa Maria,Pública,11609.46,624.84,502.76,529.99,571.1,514.46,548.63
48,PE,Olinda,Pública,11893.51,472.77,526.23,534.95,538.87,554.28,525.42
49,RJ,Niterói,Pública,4438.66,613.23,505.27,415.3,550.3,581.29,533.08
50,DF,Brasília,Privada,8976.31,758.81,770.56,717.91,658.52,673.7,715.9
51,DF,Brasília,Privada,8836.24,649.18,678.41,639.18,657.0,605.99,645.95
52,CE,Fortaleza,Pública,5943.07,630.39,701.58,739.56,624.41,584.85,656.16
53,AM,Parintins,Pública,12525.43,532.02,585.5,520.02,453.71,579.03,534.06
54,DF,Ceilândia,Pública,5576.83,546.02,500.72,568.86,515.39,628.36,551.87
55,BA,Salvador,Pública,3513.0,685.71,608.58,678.21,590.19,524.99,617.54
56,SP,São Paulo,Pública,6542.5,723.42,552.98,585.3,674.5,602.96,627.83
57,PE,Petrolina,Pública,4369.93,676.7,538.88,613.38,653.22,686.08,633.65
58,CE,Juazeiro do Norte,Privada,14667.82,613.8,613.49,577.72,581.4,514.33,580.14
59,SP,Santos,Pública,2593.17,453.93,593.34,520.97,558.58,541.79,533.72
60,SP,Santos,Privada,7583.75,615.44,653.84,651.84,709.4,745.29,675.16
61,BA,Salvador,Privada,2482.01,644.2,694.81,555.78,640.9,768.02,660.74
62,BA,Salvador,Pública,11309.27,469.32,452.89,392.75,385.83,426.67,425.49
63,SP,Sorocaba,Pública,9232.12,660.27,721.42,607.23,570.16,562.79,624.38
64,DF,Ceilândia,Privada,3609.03,522.24,479.75,518.85,573.8,531.71,525.27
65,DF,Ceilândia,Privada,13880.93,549.02,592.42,497.35,550.24,436.45,525.1
66,PE,Caruaru,Pública,4050.73,575.27,441.67,612.65,515.16,545.64,538.08
67,MG,Contagem,Pública,7079.66,595.13,504.31,572.86,372.19,430.07,494.91
68,PE,Recife,Privada,5483.21,616.62,679.13,573.95,603.75,667.89,628.27
69,PE,Recife,Privada,6539.29,347.82,380.96,420.89,445.51,401.6,399.36
70,SP,Campinas,Pública,2660.39,552.63,440.95,578.14,501.97,523.95,519.53
71,BA,Salvador,Pública,2123.57,555.12,445.43,571.0,550.07,361.06,496.54
72,AM,Itacoatiara,Pública,12653.08,654.73,677.2,492.07,684.25,447.26,591.1
73,RJ,Nova Iguaçu,Privada,12932.66,743.21,709.18,614.33,650.48,528.41,649.12
74,CE,Caucaia,Pública,7677.65,653.94,643.29,479.07,573.13,526.12,575.11
75,PR,Londrina,Privada,6633.01,494.51,744.61,647.84,545.88,734.96,633.56
76,MG,Juiz de Fora,Privada,13213.5,851.37,775.7,720.55,768.38,750.43,773.29
77,CE,Juazeiro do Norte,Pública,10636.41,435.78,545.2,458.85,472.36,617.12,505.86
78,CE,Fortaleza,Pública,4133.74,528.84,713.66,670.4,579.21,456.86,589.79
79,RJ,Duque de Caxias,Pública,5052.42,688.38,629.56,723.26,671.74,746.92,691.97
80,MG,Uberlândia,Pública,9454.78,606.83,472.47,486.69,470.76,446.86,496.72
81,SP,Sorocaba,Privada,10422.07,643.62,660.51,661.45,724.4,733.47,684.69
82,PR,Ponta Grossa,Pública,6215.37,539.34,645.13,677.16,570.18,548.37,596.04
83,SP,Sorocaba,Privada,13621.68,645.87,656.08,689.96,648.18,774.44,682.9
84,MG,Belo Horizonte,Privada,9978.04,654.25,602.97,598.73,716.5,646.87,643.86
85,AM,Parintins,Pública,13771.52,681.17,749.89,520.99,649.37,636.56,647.6
86,RJ,Duque de Caxias,Privada,2798.75,586.18,761.72,584.69,623.7,538.65,618.99
87,PR,Curitiba,Pública,2554.96,600.55,447.03,572.85,452.82,591.04,532.86
88,CE,Fortaleza,Pública,14193.0,676.51,504.11,493.72,524.23,444.84,528.68
89,RJ,Niterói,Pública,1328.41,641.45,581.86,624.66,547.15,772.49,633.52
90,AM,Parintins,Pública,11117.71,659.95,581.66,585.59,672.09,800.57,659.97
91,RS,Santa Maria,Pública,4152.8,612.84,523.97,399.43,494.62,475.97,501.37
92,RJ,Duque de Caxias,Pública,3811.9,326.11,373.61,632.37,472.3,414.26,443.73
93,AM,Manaus,Pública,12345.35,777.25,574.9,585.01,776.76,592.47,661.28
94,AM,Parintins,Privada,2360.95,688.23,582.83,711.3,664.78,715.33,672.49
95,RJ,Rio de Janeiro,Pública,11847.84,755.97,704.74,678.01,654.28,691.01,696.8
96,AM,Parintins,Pública,14489.17,394.15,450.81,413.31,384.03,467.51,421.96
97,RJ,Nova Iguaçu,Pública,1732.69,527.62,527.06,487.58,741.55,502.24,557.21
98,DF,Taguatinga,Pública,10765.27,552.18,499.77,574.97,545.58,531.67,540.84
99,PE,Petrolina,Pública,11160.5,620.9,659.79,712.14,593.18,584.89,634.18
100,RJ,Rio de Janeiro,Pública,11373.16,648.94,621.03,686.04,586.62,568.47,622.22
101,PR,Curitiba,Privada,9325.82,643.77,528.58,513.64,634.87,643.35,592.84
102,PE,Recife,Privada,8952.22,733.64,583.0,648.85,648.29,785.5,679.85
103,BA,Salvador,Pública,10778.32,554.26,540.76,592.62,483.28,501.47,534.48
104,SP,São Paulo,Privada,3854.89,689.64,631.39,539.05,628.72,636.82,625.13
105,SP,Campinas,Pública,9573.3,550.81,506.13,577.0,557.31,695.14,577.28
106,RJ,Nova Iguaçu,Pública,4822.1,502.07,617.62,578.22,554.33,554.43,561.33
107,BA,Feira de Santana,Privada,11651.08,637.49,653.2,593.85,631.79,535.99,610.47
108,PE,Recife,Pública,11336.99,558.17,563.2,530.58,610.89,468.68,546.3
109,BA,Salvador,Pública,14520.04,764.19,643.1,641.81,616.21,631.92,659.45
110,PR,Ponta Grossa,Pública,6419.89,594.93,660.34,652.88,671.89,682.21,652.45
111,PE,Caruaru,Privada,12429.07,682.85,735.09,792.06,713.73,599.31,704.61
112,MG,Contagem,Pública,8805.04,475.59,384.13,344.55,428.85,672.62,461.15
113,PE,Olinda,Pública,7458.68,433.15,489.13,523.68,488.42,508.16,488.51
114,PE,Caruaru,Pública,13072.35,626.7,593.71,687.09,698.29,513.85,623.93
115,CE,Caucaia,Pública,7553.93,649.16,661.03,581.37,602.19,530.02,604.75
116,MG,Belo Horizonte,Pública,7016.17,553.61,475.53,547.64,467.66,546.63,518.22
117,DF,Brasília,Privada,9991.74,683.71,770.25,597.86,576.57,723.46,670.37
118,DF,Ceilândia,Pública,5767.46,548.87,491.77,421.75,475.58,521.84,491.96
119,PE,Olinda,Pública,12571.22,680.14,605.0,630.94,626.57,626.4,633.81
120,MG,Uberlândia,Pública,11679.42,720.11,657.94,625.45,750.85,564.61,663.79
121,AM,Manaus,Pública,13244.78,601.49,575.26,637.23,671.84,480.53,593.27
122,CE,Fortaleza,Pública,10404.35,444.72,494.98,477.45,418.06,415.02,450.04
123,CE,Caucaia,Pública,14249.25,586.5,597.04,526.74,630.92,720.51,612.34
124,DF,Brasília,Privada,1540.95,603.96,572.51,513.86,606.18,612.02,581.71
125,MG,Juiz de Fora,Pública,8089.61,620.73,667.85,493.71,668.7,584.25,607.05
126,PR,Maringá,Pública,14922.26,655.26,632.68,506.7,594.17,547.04,587.17
127,BA,Ilhéus,Pública,2770.86,506.24,616.46,599.79,611.24,494.47,565.64
128,DF,Ceilândia,Pública,11821.65,662.02,549.33,533.61,699.82,658.06,620.57
129,CE,Fortaleza,Pública,8965.67,542.0,539.99,654.46,618.32,689.84,608.92
130,AM,Parintins,Pública,8270.04,375.2,309.34,408.1,259.63,202.55,310.96
131,BA,Salvador,Pública,1759.35,711.61,518.71,552.73,640.8,658.49,616.47
132,PE,Olinda,Privada,10522.49,820.56,799.24,744.62,722.65,767.64,770.94
133,SP,Santos,Privada,8118.45,810.38,800.86,757.73,740.38,902.31,802.33
134,PE,Caruaru,Pública,6025.87,649.92,578.87,815.99,636.88,703.48,677.03
135,AM,Parintins,Privada,11124.55,728.6,733.61,832.25,787.5,713.08,759.01
136,PR,Londrina,Pública,5791.97,754.98,661.14,753.99,701.4,882.8,750.86
137,RJ,Duque de Caxias,Pública,12175.56,651.11,565.92,487.24,515.66,602.98,564.58
138,PE,Caruaru,Pública,8854.87,558.99,474.47,529.95,673.7,524.14,552.25
139,PR,Maringá,Pública,4344.49,555.71,485.74,492.69,602.05,551.69,537.57
140,CE,Caucaia,Privada,4855.19,689.36,761.7,665.15,770.07,673.68,711.99
141,RJ,Nova Iguaçu,Pública,10875.47,542.27,588.78,622.41,526.52,492.85,554.56
142,PE,Olinda,Pública,3653.92,790.82,636.63,670.15,713.96,601.26,682.56
143,DF,Brasília,Pública,6453.87,518.66,515.05,626.98,615.06,627.57,580.66
144,RJ,Duque de Caxias,Pública,8146.51,821.88,616.75,645.87,748.87,768.34,720.34
145,SP,São Paulo,Pública,5118.57,847.26,766.86,672.72,693.46,727.9,741.64
146,RS,Pelotas,Pública,5100.11,499.36,539.95,494.05,459.89,406.93,480.04
147,DF,Taguatinga,Privada,8803.38,599.41,583.39,579.9,568.13,551.78,576.52
148,CE,Juazeiro do Norte,Pública,5089.74,692.45,599.83,562.06,681.33,699.59,647.05
149,CE,Caucaia,Pública,2840.1,591.93,831.3,632.5,715.28,675.51,689.31
150,RJ,Nova Iguaçu,Pública,2539.81,524.69,518.95,626.29,467.0,336.53,494.69
151,MG,Juiz de Fora,Privada,11040.02,827.66,624.63,772.94,721.4,745.83,738.49
152,PR,Ponta Grossa,Privada,3855.05,715.24,570.7,550.36,642.16,675.28,630.75
153,BA,Vitória da Conquista,Privada,5996.31,613.63,527.16,540.98,455.83,545.91,536.7
154,BA,Salvador,Pública,2172.88,588.86,413.25,462.62,390.93,389.89,449.11
155,SP,São Paulo,Pública,10933.0,571.22,657.99,610.02,675.97,604.75,623.99
156,PR,Maringá,Pública,8003.87,525.09,496.5,509.23,494.41,538.89,512.82
157,PR,Maringá,Privada,11099.6,777.23,607.1,642.61,557.41,610.9,639.05
158,MG,Contagem,Pública,10466.32,542.66,486.56,551.82,501.48,562.5,529.0
159,PR,Ponta Grossa,Privada,11248.89,785.62,709.69,835.16,702.73,739.47,754.53
160,MG,Contagem,Privada,5661.04,535.01,511.16,550.73,560.52,585.54,548.59
161,RS,Pelotas,Privada,10809.59,686.5,603.63,677.42,725.69,672.9,673.23
162,DF,Ceilândia,Pública,13519.8,627.49,552.62,557.13,563.41,533.54,566.84
163,CE,Juazeiro do Norte,Privada,3838.61,662.21,684.49,653.15,615.28,810.48,685.12
164,RS,Caxias do Sul,Pública,6668.88,773.06,715.27,736.59,656.72,723.63,721.06
165,CE,Sobral,Pública,11533.94,583.58,585.2,575.86,485.37,578.46,561.7
166,SP,Campinas,Pública,12693.99,908.48,756.08,740.11,695.93,729.3,765.98
167,BA,Salvador,Pública,8865.06,509.02,432.46,518.89,432.99,260.67,430.81
168,AM,Parintins,Pública,12285.16,622.46,521.1,605.08,598.14,574.59,584.27
169,RS,Caxias do Sul,Pública,9869.91,624.88,680.59,633.49,671.49,742.01,670.49
170,RS,Porto Alegre,Pública,4144.4,660.28,575.05,587.86,581.31,523.98,585.7
171,SP,São Paulo,Pública,3067.98,638.28,440.62,511.3,415.37,384.2,477.95
172,PE,Olinda,Pública,2696.68,457.83,372.64,383.64,489.52,362.91,413.31
173,RS,Caxias do Sul,Pública,9260.57,565.2,606.37,524.37,711.83,725.42,626.64
174,AM,Manaus,Pública,2927.9,669.35,693.6,721.18,767.32,772.79,724.85
175,SP,Sorocaba,Pública,6699.03,573.14,619.32,646.83,662.48,651.54,630.66
176,RS,Porto Alegre,Pública,5692.31,778.14,601.04,743.65,660.07,681.6,692.9
177,MG,Contagem,Pública,13456.94,709.41,587.18,763.08,684.81,644.5,677.79
178,PE,Recife,Pública,8429.07,585.93,527.52,583.63,569.95,536.12,560.63
179,AM,Parintins,Pública,12491.72,707.18,753.87,810.69,680.35,817.87,753.99
180,PR,Curitiba,Pública,1755.53,601.31,724.43,728.68,665.21,772.39,698.4
181,AM,Manaus,Privada,11820.1,898.4,772.02,661.3,620.35,643.63,719.14
182,PE,Olinda,Pública,2834.3,534.0,705.32,628.93,657.92,456.47,596.53
183,PR,Ponta Grossa,Pública,5690.69,513.12,530.97,488.48,540.5,596.79,533.97
184,AM,Parintins,Pública,3999.89,607.71,685.83,651.69,569.44,674.1,637.75
185,PR,Londrina,Pública,5489.73,726.1,566.85,649.73,727.62,700.1,674.08
186,DF,Ceilândia,Pública,1833.54,553.85,644.3,679.39,674.85,600.69,630.62
187,SP,Campinas,Privada,14461.5,968.43,1000.0,966.94,1000.0,803.48,947.77
188,PR,Ponta Grossa,Pública,5901.49,485.71,549.89,704.86,645.66,414.66,560.16
189,RS,Pelotas,Pública,1449.16,633.74,618.33,547.86,605.22,617.42,604.51
190,RS,Pelotas,Pública,8891.01,392.58,489.27,476.57,613.87,414.31,477.32
191,CE,Sobral,Pública,12088.65,615.71,540.91,679.59,574.88,592.76,600.77
192,SP,São Paulo,Privada,10288.66,585.15,631.15,721.39,685.39,625.32,649.68
193,PE,Recife,Pública,10267.92,504.92,607.56,535.05,598.98,538.48,557.0
194,BA,Vitória da Conquista,Pública,12346.83,467.21,554.55,551.65,554.73,572.84,540.19
195,AM,Parintins,Privada,4596.01,405.66,517.51,604.93,672.55,653.03,570.74
196,SP,São Paulo,Pública,6155.81,449.64,434.04,613.84,557.59,463.56,503.73
197,RJ,Rio de Janeiro,Pública,13598.08,535.72,523.88,631.04,505.0,525.51,544.23
198,SP,Campinas,Privada,5265.68,759.39,750.09,700.4,793.12,784.88,757.58
199,RS,Santa Maria,Pública,8475.99,607.92,493.15,477.79,500.72,433.1,502.53
200,RJ,Duque de Caxias,Pública,1879.46,459.09,565.19,501.66,448.84,414.92,477.94
201,CE,Sobral,Pública,8653.14,620.34,488.38,640.13,552.0,617.78,583.73
202,RJ,Rio de Janeiro,Pública,6196.0,584.88,592.94,631.65,665.66,581.25,611.28
203,BA,Salvador,Pública,3460.96,539.96,558.76,513.42,565.36,559.34,547.37
204,PE,Petrolina,Pública,6676.1,531.71,668.12,621.21,540.52,608.34,593.98
205,MG,Uberlândia,Pública,4611.38,672.59,597.2,737.5,544.49,767.47,663.85
206,CE,Caucaia,Pública,2723.95,692.95,593.2,768.87,625.92,709.42,678.07
207,DF,Brasília,Pública,9365.6,510.88,527.0,603.22,561.82,463.51,533.29
208,DF,Brasília,Pública,4780.26,570.27,680.98,829.33,657.08,732.95,694.12
209,SP,Sorocaba,Privada,3777.01,726.08,561.21,631.94,621.84,629.84,634.18
210,MG,Contagem,Privada,1850.3,720.31,585.67,714.46,695.86,632.82,669.82
211,PE,Recife,Pública,4324.88,551.89,495.72,539.16,488.63,419.39,498.96
212,PE,Petrolina,Pública,2200.21,743.66,607.02,580.75,580.08,682.68,638.84
213,DF,Ceilândia,Pública,5698.54,656.13,666.1,629.46,665.46,622.05,647.84
214,BA,Vitória da Conquista,Pública,3737.52,527.42,492.29,455.74,478.41,639.51,518.67
215,RJ,Rio de Janeiro,Privada,10001.17,649.29,645.19,652.62,667.59,660.69,655.08
216,PR,Londrina,Pública,10133.77,597.73,461.08,519.56,603.16,637.14,563.74
217,BA,Salvador,Pública,12152.93,604.31,631.24,674.65,655.36,407.01,594.52
218,PE,Petrolina,Pública,9135.47,689.19,545.1,653.38,534.48,583.32,601.09
219,RJ,Niterói,Pública,4187.73,685.44,729.26,638.66,753.36,635.46,688.43
220,CE,Caucaia,Pública,7752.92,544.98,622.37,619.86,579.15,602.57,593.78
221,PR,Ponta Grossa,Pública,7782.51,587.98,615.15,496.38,563.44,606.17,573.82
222,RS,Pelotas,Pública,7293.96,653.27,544.86,644.52,637.96,642.22,624.57
223,PE,Recife,Privada,7067.41,592.56,471.29,456.72,506.98,483.45,502.2
224,BA,Vitória da Conquista,Privada,2035.16,694.69,754.05,610.82,557.63,597.99,643.04
225,DF,Brasília,Privada,12352.12,543.36,564.96,572.28,640.22,586.64,581.49
226,DF,Taguatinga,Privada,8104.69,751.22,675.65,786.24,753.58,672.44,727.83
227,MG,Uberlândia,Pública,5373.77,546.21,446.87,554.38,557.36,446.22,510.21
228,RJ,Rio de Janeiro,Pública,11447.19,635.95,498.14,458.57,549.63,642.96,557.05
229,RJ,Duque de Caxias,Pública,10701.5,544.72,428.29,605.14,465.82,420.05,492.81
230,BA,Vitória da Conquista,Pública,2654.44,647.28,478.85,603.88,585.53,502.13,563.53
231,SP,São Paulo,Privada,3043.37,537.89,603.23,467.94,506.21,428.89,508.83
232,BA,Salvador,Pública,4355.53,596.98,439.29,513.69,467.49,428.0,489.09
233,RJ,Rio de Janeiro,Pública,7570.66,699.45,730.89,644.35,705.55,434.68,642.98
234,PR,Londrina,Pública,4051.05,796.63,688.58,763.17,648.01,814.99,742.28
235,MG,Uberlândia,Pública,8798.74,556.34,586.08,668.22,629.82,513.1,590.71
236,CE,Caucaia,Pública,2226.6,513.48,652.4,588.71,629.91,648.14,606.53
237,RJ,Niterói,Pública,9320.11,445.06,542.31,413.76,470.39,577.42,489.79
238,AM,Manaus,Privada,4996.7,800.48,816.26,728.06,815.52,611.74,754.41
239,PE,Caruaru,Pública,13023.56,527.73,629.05,573.9,424.72,562.75,543.63
240,RJ,Rio de Janeiro,Pública,1365.54,607.82,516.29,532.47,538.57,484.86,536.0
241,RJ,Niterói,Pública,5200.68,713.95,767.39,600.04,650.65,568.51,660.11
242,RJ,Nova Iguaçu,Pública,11165.41,554.49,495.69,421.15,510.81,436.61,483.75
243,MG,Belo Horizonte,Pública,2748.41,495.69,557.77,436.36,545.48,552.32,517.52
244,BA,Salvador,Privada,1216.86,672.22,704.17,639.77,776.26,761.1,710.7
245,PE,Recife,Pública,8849.78,612.55,472.69,511.99,567.5,647.23,562.39
246,SP,São Paulo,Pública,7499.06,621.56,613.75,501.8,643.64,502.74,576.7
247,PR,Londrina,Pública,6710.84,543.81,538.78,643.21,616.41,560.94,580.63
248,AM,Manaus,Privada,1778.76,544.85,647.29,623.39,581.79,521.17,583.7
249,DF,Brasília,Pública,9202.01,604.34,534.26,662.51,518.98,573.68,578.75
250,PR,Curitiba,Pública,5719.22,752.7,506.3,704.17,609.78,679.49,650.49
251,RJ,Niterói,Pública,4181.98,727.91,570.28,488.35,471.6,636.04,578.84
252,AM,Parintins,Privada,6089.39,572.27,641.55,656.84,630.81,611.31,622.55
253,PR,Londrina,Pública,4506.07,672.75,538.09,486.28,539.94,572.19,561.85
254,RS,Caxias do Sul,Privada,9102.85,628.03,717.98,720.03,668.51,655.69,678.05
255,RJ,Rio de Janeiro,Pública,10541.98,689.32,642.35,688.39,616.56,706.21,668.57
256,PE,Petrolina,Pública,10416.0,671.44,631.89,573.94,666.88,632.08,635.25
257,CE,Fortaleza,Privada,2785.06,637.82,693.06,705.56,563.01,693.01,658.49
258,RJ,Nova Iguaçu,Privada,1864.82,709.75,668.31,760.72,610.92,821.48,714.24
259,SP,Campinas,Privada,6950.82,704.7,719.01,796.26,806.23,736.48,752.54
260,CE,Caucaia,Pública,9592.31,683.62,581.56,594.55,596.21,641.81,619.55
261,RS,Caxias do Sul,Pública,12190.79,505.98,619.44,730.18,546.19,683.0,616.96
262,AM,Parintins,Pública,3353.39,633.57,580.13,554.18,643.85,571.51,596.65
263,DF,Brasília,Privada,2221.91,620.49,581.97,637.82,591.2,668.45,619.99
264,PE,Olinda,Pública,9213.78,464.52,356.76,581.89,497.59,573.92,494.94
265,DF,Brasília,Privada,12307.7,637.22,651.06,636.45,622.37,622.26,633.87
266,CE,Fortaleza,Pública,9520.71,582.64,664.43,501.53,654.31,640.86,608.75
267,MG,Belo Horizonte,Privada,13021.51,734.74,727.16,699.02,738.5,810.62,742.01
268,CE,Juazeiro do Norte,Pública,14556.15,920.3,717.34,777.47,835.27,791.99,808.47
269,BA,Feira de Santana,Pública,825.53,541.26,609.39,672.08,590.49,688.26,620.3
270,DF,Brasília,Pública,2278.37,656.04,684.82,631.15,703.34,537.42,642.55
271,PE,Petrolina,Pública,3777.52,384.2,530.03,441.07,427.87,372.43,431.12
272,MG,Contagem,Pública,6177.72,713.11,672.39,693.53,571.41,614.4,652.97
273,RJ,Rio de Janeiro,Pública,5325.78,614.8,572.47,481.2,618.93,402.66,538.01
274,RJ,Nova Iguaçu,Pública,9513.76,739.23,577.93,619.68,649.61,569.29,631.15
275,RS,Caxias do Sul,Pública,8668.4,564.15,608.84,622.28,654.46,556.76,601.3
276,CE,Caucaia,Pública,854.18,708.23,587.83,633.85,666.04,691.56,657.5
277,RJ,Duque de Caxias,Privada,5178.62,796.15,794.6,775.54,776.95,874.65,803.58
278,PE,Olinda,Pública,4538.8,564.3,636.88,585.09,532.54,516.5,567.06
279,PE,Petrolina,Privada,9174.12,439.23,518.93,532.02,436.25,545.36,494.36
280,RJ,Duque de Caxias,Privada,10943.14,571.41,498.73,454.21,602.8,622.0,549.83
281,MG,Uberlândia,Privada,12280.14,541.63,795.28,627.97,639.13,705.7,661.94
282,RJ,Rio de Janeiro,Pública,6442.44,777.17,841.2,855.67,706.67,710.4,778.22
283,PR,Curitiba,Pública,2904.44,549.21,390.08,606.53,499.91,581.65,525.47
284,AM,Parintins,Privada,4550.74,600.71,692.88,722.55,603.04,587.59,641.35
285,PR,Curitiba,Pública,13281.2,604.53,583.96,653.03,539.47,704.16,617.03
286,BA,Vitória da Conquista,Privada,12986.93,494.64,599.53,514.06,457.62,491.88,511.54
287,RJ,Niterói,Pública,13770.75,441.25,498.98,476.4,505.25,499.05,484.19
288,AM,Parintins,Pública,12888.39,663.98,578.62,633.15,480.67,571.79,585.64
289,PE,Olinda,Pública,12493.79,698.09,665.14,749.93,698.47,649.39,692.2
290,CE,Juazeiro do Norte,Pública,12694.68,612.64,549.31,592.57,575.14,651.34,596.2
291,RS,Caxias do Sul,Pública,10423.27,498.9,495.9,510.41,397.14,654.31,511.33
292,MG,Belo Horizonte,Pública,9438.48,620.64,518.09,587.91,725.25,659.38,622.25
293,RS,Santa Maria,Pública,8193.06,546.0,525.09,698.18,528.27,580.06,575.52
294,DF,Ceilândia,Pública,10518.67,511.54,554.41,489.26,552.5,410.18,503.58
295,BA,Feira de Santana,Pública,11669.74,522.64,334.5,358.77,388.53,385.53,397.99
296,CE,Juazeiro do Norte,Pública,6743.63,607.16,504.76,446.1,468.42,476.23,500.53
297,AM,Itacoatiara,Privada,13672.68,548.26,638.83,460.7,583.11,603.52,566.88
298,MG,Juiz de Fora,Privada,8738.25,784.65,744.98,802.04,889.92,642.66,772.85
299,PE,Caruaru,Pública,7385.4,785.9,708.19,600.8,643.0,631.44,673.86
300,RJ,Duque de Caxias,Pública,6666.12,761.09,761.21,503.62,744.75,781.41,710.42
301,MG,Juiz de Fora,Privada,3361.07,553.09,501.11,529.87,473.15,524.41,516.32
302,MG,Uberlândia,Pública,11642.68,779.95,566.19,790.12,682.65,707.9,705.36
303,RS,Pelotas,Privada,13466.49,752.06,622.17,639.42,730.99,606.37,670.2
304,AM,Itacoatiara,Pública,1727.08,710.18,613.38,555.88,625.93,529.95,607.06
305,MG,Juiz de Fora,Privada,7760.54,676.45,693.83,677.54,714.94,903.69,733.29
306,RS,Porto Alegre,Pública,3199.58,602.47,555.34,487.43,505.47,517.29,533.6
307,SP,São Paulo,Pública,1080.33,504.29,504.23,547.72,617.77,664.14,567.63
308,SP,Santos,Pública,2233.91,483.91,377.16,557.09,413.13,481.63,462.58
309,BA,Salvador,Privada,7867.89,603.45,501.07,478.14,528.03,353.31,492.8
310,CE,Juazeiro do Norte,Pública,981.04,619.52,597.8,388.96,552.64,553.13,542.41
311,RJ,Nova Iguaçu,Pública,7285.87,595.66,588.1,620.11,465.67,611.41,576.19
312,PE,Petrolina,Privada,2148.98,566.1,560.78,545.78,542.87,642.58,571.62
313,DF,Taguatinga,Privada,2119.91,707.81,637.3,553.05,719.09,681.98,659.85
314,MG,Belo Horizonte,Pública,11115.04,552.12,466.62,553.22,456.48,416.81,489.05
315,DF,Taguatinga,Privada,9481.29,552.17,684.29,583.74,516.03,642.39,595.73
316,CE,Fortaleza,Pública,10100.62,799.15,756.75,656.43,782.96,945.41,788.14
317,PE,Recife,Pública,11118.46,528.2,549.42,580.46,541.66,417.82,523.51
318,SP,Campinas,Pública,7463.9,577.92,528.81,604.53,540.4,639.71,578.27
319,AM,Itacoatiara,Pública,12402.87,747.83,736.26,716.4,613.98,869.09,736.71
320,SP,São Paulo,Pública,1308.81,422.24,540.68,436.24,511.98,396.07,461.44
321,CE,Juazeiro do Norte,Pública,1570.71,695.3,565.33,564.62,566.86,515.6,581.54
322,RJ,Rio de Janeiro,Privada,3948.81,583.09,660.23,583.95,573.77,611.04,602.42
323,PR,Curitiba,Pública,3582.08,672.91,604.28,656.85,605.85,571.54,622.29
324,SP,São Paulo,Privada,7197.17,592.63,653.59,727.95,850.12,780.09,720.88
325,DF,Taguatinga,Privada,11891.36,761.71,701.57,678.59,664.54,659.74,693.23
326,PR,Londrina,Pública,14483.03,769.62,758.02,662.56,793.13,748.02,746.27
327,AM,Parintins,Privada,14084.27,571.1,549.64,621.47,490.84,376.62,521.94
328,MG,Juiz de Fora,Privada,11603.01,550.77,445.07,595.24,490.09,588.55,533.94
329,SP,São Paulo,Pública,2863.64,586.69,636.69,570.02,579.97,541.16,582.91
330,BA,Feira de Santana,Privada,1258.75,771.28,788.72,666.88,793.27,700.47,744.12
331,RS,Pelotas,Pública,1467.11,593.15,477.11,383.82,624.51,579.94,531.71
332,RS,Santa Maria,Privada,13743.11,534.64,556.22,607.23,439.71,566.94,540.95
333,RJ,Niterói,Privada,11238.13,729.39,689.13,730.65,695.62,685.73,706.1
334,CE,Caucaia,Pública,13986.52,459.84,514.92,441.0,504.12,395.03,462.98
335,RJ,Nova Iguaçu,Pública,14389.23,470.06,401.88,442.98,393.97,586.77,459.13
336,PE,Caruaru,Pública,3901.92,531.15,677.16,437.76,683.3,607.81,587.43
337,CE,Caucaia,Privada,9514.56,421.64,579.27,519.19,440.39,399.58,472.02
338,AM,Parintins,Pública,8024.05,575.56,667.12,572.16,604.3,748.58,633.54
339,AM,Itacoatiara,Pública,1729.7,747.16,602.34,694.02,732.9,607.53,676.79
340,PR,Curitiba,Privada,2983.31,613.95,693.89,632.0,526.14,558.33,604.86
341,RS,Pelotas,Pública,7205.98,594.01,547.23,547.21,538.73,515.79,548.59
342,DF,Brasília,Privada,1830.77,666.79,694.16,676.63,611.21,582.77,646.31
343,CE,Caucaia,Pública,2736.62,704.38,599.98,707.15,664.42,598.71,654.93
344,PE,Recife,Pública,8681.99,549.61,443.45,287.63,410.06,398.93,417.94
345,PE,Olinda,Pública,9972.23,778.28,761.03,746.81,693.96,781.34,752.28
346,SP,Sorocaba,Pública,1838.65,735.86,770.11,590.46,664.68,660.57,684.33
347,RS,Porto Alegre,Pública,1791.29,634.41,698.05,639.44,622.06,749.14,668.62
348,PE,Petrolina,Pública,5247.65,679.05,601.18,674.39,735.82,655.81,669.25
349,CE,Sobral,Pública,11801.69,644.32,589.7,581.02,557.1,608.12,596.05
350,RS,Pelotas,Privada,9697.99,373.23,410.22,397.02,401.72,423.47,401.13
351,RS,Porto Alegre,Pública,8517.26,718.76,662.05,724.93,702.83,569.68,675.65
352,BA,Feira de Santana,Pública,8047.85,599.58,587.5,428.51,499.72,495.03,522.07
353,AM,Manaus,Pública,3343.86,691.92,705.28,636.95,686.96,752.24,694.67
354,CE,Caucaia,Pública,6045.98,687.85,609.01,708.53,636.22,659.0,660.12
355,PE,Recife,Privada,8203.5,654.65,669.35,644.28,636.42,598.23,640.59
356,AM,Parintins,Pública,13682.84,427.46,571.52,400.88,480.4,404.97,457.05
357,MG,Contagem,Pública,1894.65,559.05,579.96,475.52,609.06,582.44,561.21
358,PE,Recife,Pública,7599.17,723.71,735.56,658.3,641.48,599.38,671.69
359,AM,Manaus,Privada,2885.48,786.31,510.36,737.57,568.29,524.39,625.39
360,BA,Salvador,Pública,9412.67,542.15,481.56,528.94,428.2,446.19,485.41
361,DF,Ceilândia,Pública,3181.65,392.62,581.89,555.35,535.57,538.91,520.87
362,AM,Itacoatiara,Pública,12536.5,580.52,460.99,482.39,470.48,536.0,506.08
363,RJ,Duque de Caxias,Pública,13608.18,647.53,568.53,533.96,497.71,669.28,583.4
364,AM,Parintins,Pública,12192.66,588.21,613.79,509.38,611.09,587.16,581.93
365,MG,Juiz de Fora,Pública,4101.68,612.14,608.7,664.17,616.67,513.27,602.99
366,DF,Ceilândia,Pública,902.16,444.9,508.54,559.8,506.71,484.36,500.86
367,AM,Parintins,Pública,9488.71,694.6,607.86,653.73,710.9,766.94,686.8
368,CE,Juazeiro do Norte,Privada,9002.65,670.72,609.48,646.69,727.67,665.03,663.92
369,AM,Parintins,Privada,12172.12,553.65,540.15,664.85,639.86,473.99,574.5
370,CE,Sobral,Pública,4535.91,608.93,579.57,496.78,499.41,473.31,531.6
371,DF,Brasília,Privada,12447.25,522.21,478.41,564.89,582.72,495.46,528.74
372,RS,Caxias do Sul,Pública,5908.31,591.29,539.71,532.95,598.41,506.62,553.8
373,RS,Porto Alegre,Privada,1774.36,619.44,630.18,551.8,625.48,568.61,599.1
374,DF,Brasília,Pública,6536.18,668.41,583.4,621.92,634.91,681.2,637.97
375,AM,Parintins,Privada,12346.69,453.87,476.52,524.06,376.2,435.7,453.27
376,DF,Brasília,Pública,4461.04,645.11,581.64,587.51,528.64,563.06,581.19
377,AM,Manaus,Privada,4539.57,758.18,632.67,743.59,695.09,732.99,712.51
378,RS,Pelotas,Pública,11395.42,665.35,651.29,695.22,643.22,700.92,671.2
379,RS,Pelotas,Pública,2314.99,661.97,628.29,632.83,689.67,699.61,662.47
380,CE,Juazeiro do Norte,Pública,7791.23,784.58,597.07,780.68,808.39,739.22,741.99
381,RS,Caxias do Sul,Pública,12149.63,545.46,429.38,562.41,569.68,684.04,558.19
382,AM,Parintins,Pública,919.54,504.85,487.11,662.94,580.65,618.2,570.75
383,BA,Ilhéus,Privada,5671.97,707.94,635.93,635.4,728.32,504.96,642.51
384,RS,Porto Alegre,Privada,12218.04,482.03,536.73,405.09,498.75,508.11,486.14
385,PR,Ponta Grossa,Pública,13484.44,498.65,487.17,536.77,543.46,514.41,516.09
386,RJ,Niterói,Pública,12356.22,534.23,459.63,541.45,370.01,424.09,465.88
387,BA,Vitória da Conquista,Pública,2521.57,609.78,661.04,695.01,781.91,854.36,720.42
388,PE,Caruaru,Pública,7722.41,457.5,566.51,675.26,606.24,621.66,585.44
389,PE,Petrolina,Pública,8917.25,611.76,625.07,674.14,606.77,675.11,638.57
390,PR,Maringá,Privada,11889.83,742.7,761.79,771.1,728.09,756.14,751.96
391,RJ,Niterói,Pública,2262.73,727.88,608.39,725.11,669.75,663.57,678.94
392,BA,Feira de Santana,Pública,14028.57,614.89,664.11,535.13,576.79,521.56,582.5
393,SP,Santos,Privada,5417.86,621.52,568.97,647.93,661.62,556.04,611.22
394,MG,Contagem,Pública,9829.09,506.88,490.07,566.22,414.03,476.93,490.83
395,CE,Juazeiro do Norte,Pública,4489.26,616.29,631.44,550.92,592.67,601.51,598.56
396,CE,Sobral,Pública,11675.34,582.27,594.99,619.48,675.54,577.78,610.01
397,RS,Caxias do Sul,Privada,9973.07,610.12,603.02,681.94,582.18,633.66,622.18
398,AM,Parintins,Pública,12919.44,539.16,622.96,501.92,510.64,505.5,536.04
399,SP,Campinas,Pública,8396.58,623.77,592.51,541.31,477.5,568.65,560.75
400,CE,Caucaia,Pública,5224.39,741.69,644.6,660.43,597.87,747.82,678.48
401,SP,Santos,Privada,1813.66,478.31,509.48,352.02,531.05,552.22,484.62
402,RS,Santa Maria,Privada,7090.05,662.51,560.99,706.26,626.19,606.08,632.41
403,PE,Olinda,Pública,1399.04,489.44,531.11,509.23,509.13,650.98,537.98
404,RS,Porto Alegre,Pública,6965.1,531.41,419.83,457.81,521.29,593.34,504.74
405,CE,Caucaia,Pública,2070.61,664.7,624.73,780.28,500.61,560.86,626.24
406,MG,Belo Horizonte,Pública,4103.98,624.58,482.19,604.0,524.57,620.34,571.14
407,PE,Olinda,Pública,1360.74,637.3,687.34,630.64,718.97,650.69,664.99
408,CE,Juazeiro do Norte,Privada,9301.26,622.2,522.98,666.02,569.96,607.09,597.65
409,AM,Parintins,Privada,13337.64,600.38,591.02,689.06,550.59,613.37,608.88
410,AM,Manaus,Pública,5380.92,794.61,759.46,825.5,755.24,817.3,790.42
411,RS,Porto Alegre,Pública,2202.3,777.63,643.15,618.71,704.62,715.75,691.97
412,DF,Ceilândia,Pública,14009.0,556.05,683.17,778.74,723.96,765.32,701.45
413,PR,Maringá,Privada,1627.86,607.61,672.07,637.26,674.0,748.57,667.9
414,RJ,Niterói,Pública,3490.34,542.11,583.42,637.81,517.94,558.3,567.92
415,DF,Taguatinga,Pública,10776.22,618.02,498.71,542.56,529.06,488.89,535.45
416,DF,Taguatinga,Privada,13615.29,325.13,405.26,387.24,317.62,366.27,360.3
417,PR,Maringá,Pública,7224.13,747.03,700.33,697.78,710.05,804.53,731.95
418,SP,Santos,Privada,3850.48,877.84,811.67,621.63,681.26,745.7,747.62
419,DF,Brasília,Pública,7337.25,707.76,634.96,684.94,612.7,727.6,673.59
420,DF,Brasília,Privada,11074.84,646.42,568.22,714.36,600.7,603.42,626.62
421,DF,Taguatinga,Pública,1594.1,654.08,813.48,609.97,778.57,759.92,723.21
422,DF,Brasília,Pública,9777.15,511.9,550.1,505.04,538.72,544.19,529.99
423,PR,Ponta Grossa,Privada,8968.62,684.97,646.75,661.45,524.36,633.03,630.11
424,AM,Parintins,Pública,6459.08,551.63,446.98,491.73,429.91,546.24,493.3
425,AM,Itacoatiara,Privada,8244.32,642.65,586.67,709.82,695.67,626.45,652.25
426,PE,Recife,Privada,3203.42,773.59,610.94,608.22,692.83,632.11,663.54
427,PE,Olinda,Privada,12909.25,840.99,611.01,669.34,656.46,652.13,685.99
428,CE,Sobral,Pública,3767.94,598.36,633.52,559.48,626.62,558.33,595.26
429,SP,Sorocaba,Pública,10222.1,598.47,599.21,578.16,482.19,659.54,583.51
430,SP,São Paulo,Pública,4652.61,580.09,536.91,767.93,651.42,606.07,628.48
431,PR,Curitiba,Privada,7682.2,583.26,661.45,568.89,582.5,565.39,592.3
432,AM,Parintins,Pública,6386.28,709.12,609.63,606.94,704.99,628.67,651.87
433,SP,Santos,Privada,13443.71,673.51,677.06,719.18,594.83,705.95,674.11
434,DF,Ceilândia,Pública,6726.13,606.16,664.3,585.16,604.22,714.9,634.95
435,DF,Ceilândia,Pública,3672.81,635.5,566.74,743.76,654.28,793.81,678.82
436,DF,Brasília,Pública,8714.23,604.47,561.3,601.98,464.96,540.74,554.69
437,PR,Ponta Grossa,Pública,11387.66,401.33,361.54,460.22,464.96,447.7,427.15
438,DF,Ceilândia,Pública,8852.01,642.74,704.48,550.67,678.5,525.91,620.46
439,DF,Taguatinga,Privada,6110.22,612.94,673.13,683.36,668.64,654.77,658.57
440,BA,Ilhéus,Pública,10333.02,679.76,677.75,596.17,553.57,539.02,609.25
441,CE,Caucaia,Pública,11822.25,440.38,372.1,578.72,422.48,443.21,451.38
442,SP,São Paulo,Pública,12543.54,950.64,778.02,920.15,793.57,823.48,853.17
443,SP,Campinas,Pública,6452.17,689.75,476.51,591.52,612.07,579.99,589.97
444,MG,Contagem,Privada,7214.11,748.14,588.38,667.95,666.33,578.77,649.92
445,DF,Ceilândia,Privada,13332.19,744.28,661.58,632.42,667.66,637.57,668.7
446,CE,Juazeiro do Norte,Pública,10843.36,412.33,609.19,637.86,600.9,581.01,568.26
447,PE,Olinda,Pública,2853.42,586.71,584.12,438.85,594.74,649.07,570.7
448,MG,Uberlândia,Pública,11668.62,730.96,722.6,610.37,655.17,695.75,682.97
449,CE,Sobral,Pública,1927.55,526.06,495.6,494.8,559.47,530.38,521.26
450,MG,Belo Horizonte,Pública,1321.44,594.25,631.57,811.53,726.46,695.65,691.89
451,MG,Uberlândia,Pública,9477.47,506.06,590.49,625.69,449.37,478.69,530.06
452,RJ,Nova Iguaçu,Pública,13544.92,599.46,719.76,686.71,736.08,760.69,700.54
453,PE,Petrolina,Pública,10680.78,583.88,448.58,431.63,487.08,582.4,506.72
454,BA,Ilhéus,Pública,5294.14,318.61,395.69,403.6,265.61,329.67,342.64
455,CE,Caucaia,Privada,4104.65,524.33,662.93,636.01,602.11,581.37,601.35
456,SP,Santos,Pública,12245.82,500.42,474.14,544.45,565.74,515.68,520.09
457,SP,São Paulo,Pública,5647.33,701.84,686.38,722.32,740.08,637.28,697.58
458,CE,Fortaleza,Pública,7637.24,792.34,655.03,643.75,784.59,595.81,694.3
459,AM,Parintins,Pública,10430.41,788.42,677.08,596.74,774.51,675.71,702.49
460,MG,Juiz de Fora,Privada,5615.96,665.17,563.66,568.29,665.4,681.84,628.87
461,BA,Vitória da Conquista,Privada,4655.26,840.55,756.55,761.46,795.92,786.71,788.24
462,RS,Porto Alegre,Pública,1154.07,573.25,615.68,709.33,574.47,487.48,592.04
463,MG,Belo Horizonte,Privada,14119.94,627.45,522.99,640.76,609.86,613.85,602.98
464,SP,São Paulo,Pública,13426.44,825.36,808.89,724.18,684.48,669.33,742.45
465,RS,Caxias do Sul,Pública,8358.32,530.92,633.27,643.81,685.06,592.14,617.04
466,RJ,Niterói,Pública,8600.99,770.86,541.86,556.84,531.05,721.41,624.4
467,AM,Parintins,Pública,1211.7,611.13,672.43,654.53,588.58,469.5,599.24
468,CE,Juazeiro do Norte,Pública,12407.68,505.11,671.81,554.48,543.88,580.98,571.25
469,CE,Fortaleza,Pública,10519.59,522.47,597.39,705.26,487.7,466.77,555.92
470,PR,Londrina,Pública,10245.56,525.42,706.85,653.89,603.53,706.97,639.33
471,MG,Juiz de Fora,Privada,9383.05,723.63,621.66,604.59,593.95,598.35,628.43
472,PR,Londrina,Pública,8580.88,569.57,619.98,617.43,515.77,600.61,584.67
473,PE,Olinda,Pública,10308.39,518.92,405.47,582.34,565.19,500.94,514.57
474,CE,Caucaia,Pública,6562.27,614.32,557.99,656.88,587.93,615.9,606.61
475,RS,Caxias do Sul,Privada,13626.24,639.72,660.94,681.73,561.57,680.03,644.8
476,RS,Caxias do Sul,Pública,5295.69,385.31,500.16,415.89,490.31,432.56,444.84
477,RJ,Rio de Janeiro,Pública,8048.02,590.2,818.03,590.85,760.59,690.62,690.06
478,PE,Recife,Privada,13092.65,685.2,736.15,622.51,729.29,638.04,682.24
479,RS,Santa Maria,Privada,5916.09,598.62,554.72,555.31,529.99,514.68,550.66
480,CE,Sobral,Privada,2728.02,856.36,704.42,844.03,729.19,686.2,764.04
481,CE,Sobral,Pública,3438.23,514.23,569.09,630.14,688.45,543.89,589.16
482,PE,Recife,Privada,8867.72,680.97,678.56,657.19,672.2,477.17,633.22
483,BA,Ilhéus,Pública,8231.67,545.11,507.77,471.01,526.22,468.31,503.68
484,DF,Taguatinga,Pública,13630.91,620.93,653.62,541.24,563.36,649.5,605.73
485,BA,Vitória da Conquista,Pública,10669.73,546.55,538.76,635.68,481.04,498.18,540.04
486,BA,Salvador,Pública,1971.64,443.15,476.66,482.93,449.7,433.99,457.29
487,RJ,Niterói,Privada,11293.33,613.06,539.17,615.81,643.37,793.45,640.97
488,MG,Uberlândia,Privada,11489.21,742.07,665.27,631.84,577.46,603.12,643.95
489,SP,Santos,Privada,2447.12,699.87,597.24,635.25,686.56,674.04,658.59
490,MG,Contagem,Pública,13966.56,470.41,374.66,505.04,498.22,605.61,490.79
491,PR,Maringá,Pública,4592.65,511.57,494.38,559.34,453.18,533.83,510.46
492,RS,Pelotas,Pública,14903.65,535.31,494.39,554.77,517.32,381.23,496.61
493,PE,Olinda,Privada,4376.92,675.08,542.42,571.15,663.33,747.18,639.83
494,RJ,Rio de Janeiro,Pública,9386.54,615.63,515.89,464.06,530.24,534.02,531.97
495,BA,Ilhéus,Pública,1875.14,421.82,317.83,259.27,354.8,292.06,329.16
496,RJ,Nova Iguaçu,Privada,6235.75,649.4,696.53,483.0,638.71,595.96,612.72
497,CE,Fortaleza,Pública,11715.64,494.4,464.13,561.41,542.88,655.51,543.67
498,BA,Ilhéus,Pública,7867.36,689.69,646.15,617.27,666.09,610.12,645.86
499,SP,Sorocaba,Pública,6535.56,701.47,648.75,679.58,723.46,621.3,674.91
500,RJ,Nova Iguaçu,Pública,5100.16,579.39,469.21,386.39,551.51,393.69,476.04
501,BA,Feira de Santana,Pública,1358.5,771.87,815.83,802.54,682.53,709.52,756.46
502,CE,Caucaia,Pública,3541.92,569.89,587.71,700.86,652.51,593.18,620.83
503,CE,Fortaleza,Pública,1595.97,731.75,700.42,726.28,616.02,583.34,671.56
504,AM,Manaus,Privada,4108.4,761.23,830.37,717.41,670.3,662.62,728.39
505,MG,Belo Horizonte,Pública,1509.4,670.13,588.24,626.24,560.67,517.51,592.56
506,CE,Caucaia,Pública,3677.5,646.34,495.8,539.71,492.85,434.39,521.82
507,PE,Olinda,Privada,9221.81,550.64,675.02,561.99,608.48,647.25,608.68
508,RJ,Duque de Caxias,Privada,1021.95,629.87,701.2,677.52,670.62,576.61,651.17
509,CE,Caucaia,Pública,9885.52,545.9,505.65,506.9,545.98,598.31,540.55
510,RJ,Nova Iguaçu,Pública,864.89,640.84,650.51,638.46,608.39,510.4,609.72
511,RS,Santa Maria,Privada,10162.45,606.53,499.31,604.3,649.75,633.56,598.69
512,PE,Caruaru,Pública,4369.62,651.47,537.18,596.08,590.19,536.39,582.26
513,SP,Sorocaba,Pública,1806.2,505.94,615.93,494.94,633.49,632.63,576.59
514,RJ,Nova Iguaçu,Pública,4167.08,621.28,685.74,642.7,598.04,641.14,637.78
515,RS,Santa Maria,Pública,6103.49,666.93,681.76,621.4,678.04,723.95,674.42
516,BA,Feira de Santana,Pública,7410.59,642.13,578.59,610.15,651.62,671.99,630.9
517,MG,Uberlândia,Pública,12969.03,537.89,407.84,437.37,372.01,394.7,429.96
518,RS,Caxias do Sul,Pública,9028.43,470.61,451.85,464.56,467.95,491.71,469.34
519,CE,Fortaleza,Pública,6399.35,609.05,571.42,570.1,597.84,599.39,589.56
520,PR,Londrina,Pública,5000.22,559.72,514.07,442.82,557.75,555.09,525.89
521,SP,Sorocaba,Pública,2768.46,561.91,608.21,425.78,435.3,602.04,526.65
522,PR,Maringá,Pública,5011.58,586.8,522.71,561.53,583.9,559.3,562.85
523,PE,Recife,Pública,13722.06,594.72,516.66,479.56,501.33,425.48,503.55
524,RJ,Niterói,Pública,5556.0,633.61,607.02,687.93,574.72,649.42,630.54
525,RS,Pelotas,Pública,4596.48,482.18,493.41,429.76,524.46,434.17,472.79
526,AM,Itacoatiara,Privada,13572.21,677.27,556.95,446.51,641.25,582.4,580.87
527,CE,Fortaleza,Pública,13550.83,744.46,537.1,651.27,440.01,555.67,585.7
528,AM,Itacoatiara,Pública,6714.82,393.28,437.56,574.77,558.9,530.15,498.94
529,SP,Campinas,Privada,8178.61,652.25,541.12,568.22,550.15,529.33,568.21
530,DF,Brasília,Privada,5152.23,580.25,589.42,738.99,643.78,666.21,643.73
531,MG,Uberlândia,Privada,4850.5,779.57,754.45,785.84,800.31,768.56,777.75
532,BA,Vitória da Conquista,Pública,8787.32,624.3,688.29,581.5,687.1,671.18,650.47
533,SP,Sorocaba,Privada,11712.96,710.0,815.32,725.99,661.91,736.19,729.88
534,BA,Ilhéus,Privada,14568.4,662.65,490.44,634.88,559.21,647.86,599.01
535,SP,Campinas,Pública,2459.64,626.16,630.75,623.15,697.42,620.81,639.66
536,AM,Manaus,Privada,11692.75,679.31,542.92,463.09,664.12,598.31,589.55
537,CE,Juazeiro do Norte,Pública,8064.09,766.42,697.87,644.22,704.82,719.03,706.47
538,PE,Caruaru,Pública,7127.18,556.4,544.98,481.01,517.51,564.14,532.81
539,PR,Ponta Grossa,Pública,9137.96,695.16,765.46,505.59,774.54,723.64,692.88
540,PR,Curitiba,Pública,9871.05,661.02,471.51,533.04,625.33,727.34,603.65
541,BA,Ilhéus,Pública,12532.73,618.55,620.88,637.96,677.44,635.41,638.05
542,CE,Fortaleza,Pública,13476.15,602.43,520.23,551.99,489.13,756.96,584.15
543,RJ,Nova Iguaçu,Pública,8831.16,626.69,665.77,645.35,604.41,668.44,642.13
544,BA,Feira de Santana,Pública,2875.15,513.33,534.37,500.75,390.85,339.52,455.76
545,SP,Santos,Pública,9873.04,697.54,653.99,559.04,670.66,703.94,657.03
546,PE,Caruaru,Pública,10711.14,625.88,555.91,563.45,517.01,663.5,585.15
547,PR,Maringá,Privada,3115.01,718.25,608.48,622.76,556.03,749.38,650.98
548,RJ,Duque de Caxias,Pública,1884.88,573.54,464.26,472.73,544.34,560.39,523.05
549,DF,Ceilândia,Privada,5657.04,488.94,505.93,611.71,510.17,527.42,528.83
550,MG,Uberlândia,Pública,1916.19,437.88,564.71,441.04,574.45,558.57,515.33
551,AM,Itacoatiara,Pública,2488.7,633.1,602.43,485.97,632.13,574.97,585.72
552,RS,Caxias do Sul,Pública,1215.48,775.2,631.79,651.73,739.63,577.65,675.2
553,DF,Brasília,Pública,1770.39,554.71,624.49,493.57,700.98,768.24,628.4
554,SP,São Paulo,Privada,13870.78,761.54,758.12,772.05,740.87,753.95,757.31
555,AM,Manaus,Pública,11612.01,532.52,605.6,528.63,591.52,561.56,563.97
556,RJ,Nova Iguaçu,Pública,6263.89,731.07,633.24,749.54,691.26,542.89,669.6
557,PR,Londrina,Privada,13505.52,657.38,872.39,790.64,756.84,716.32,758.71
558,AM,Itacoatiara,Pública,2492.89,578.71,495.85,365.61,528.23,564.89,506.66
559,RS,Pelotas,Pública,12785.22,612.33,449.89,552.59,559.36,451.82,525.2
560,PR,Maringá,Pública,9364.95,588.99,527.25,493.12,523.73,611.97,549.01
561,MG,Belo Horizonte,Pública,1550.5,759.45,642.58,775.46,753.57,795.23,745.26
562,RJ,Rio de Janeiro,Pública,8183.27,531.66,439.37,511.51,413.88,474.51,474.18
563,AM,Itacoatiara,Pública,11648.3,775.32,652.76,803.74,750.57,771.67,750.81
564,MG,Juiz de Fora,Privada,3130.85,599.93,506.99,502.09,588.67,502.61,540.06
565,AM,Manaus,Pública,6357.66,690.14,562.79,469.99,699.13,570.24,598.46
566,SP,Campinas,Privada,5754.05,662.06,642.31,681.75,627.93,715.34,665.88
567,PE,Recife,Pública,4316.12,476.97,582.85,558.13,530.21,548.71,539.37
568,PE,Recife,Pública,13059.83,407.51,416.68,361.68,496.66,436.77,423.86
569,PR,Maringá,Pública,12278.24,786.12,594.94,695.1,656.5,784.66,703.47
570,PE,Petrolina,Pública,9823.31,662.13,641.78,680.97,610.21,724.86,663.99
571,RS,Porto Alegre,Privada,9010.34,530.84,565.42,562.8,595.69,617.43,574.44
572,BA,Ilhéus,Pública,5249.61,527.3,587.39,476.44,454.15,592.45,527.55
573,AM,Manaus,Pública,3823.93,534.53,456.21,597.48,497.37,426.83,502.48
574,PR,Curitiba,Pública,5972.7,582.42,583.76,488.2,565.69,450.74,534.16
575,RJ,Niterói,Privada,4590.47,828.96,777.98,821.92,781.79,788.51,799.83
576,BA,Ilhéus,Pública,14876.36,546.05,444.54,462.27,457.56,387.98,459.68
577,AM,Manaus,Pública,1399.7,457.64,617.41,541.8,570.04,601.92,557.76
578,PR,Maringá,Pública,13377.21,606.66,484.75,562.15,450.02,477.85,516.29
579,DF,Ceilândia,Pública,13360.82,685.26,565.07,678.72,532.68,682.51,628.85
580,RS,Santa Maria,Pública,2316.76,674.61,627.59,597.6,530.91,590.05,604.15
581,RJ,Nova Iguaçu,Pública,7542.93,683.77,643.27,659.78,569.65,649.03,641.1
582,DF,Brasília,Privada,10203.57,783.88,819.01,683.4,872.29,653.74,762.46
583,RJ,Niterói,Privada,6316.29,755.25,767.0,796.16,785.69,718.59,764.54
584,RS,Caxias do Sul,Privada,9765.21,876.64,741.18,784.29,598.67,639.61,728.08
585,PE,Petrolina,Privada,12447.43,605.51,620.23,739.66,703.79,555.77,644.99
586,CE,Fortaleza,Privada,9907.49,771.73,695.6,665.71,762.51,738.43,726.8
587,MG,Contagem,Privada,5335.47,672.87,603.57,534.15,657.79,599.07,613.49
588,PR,Maringá,Pública,13244.74,732.38,885.0,709.1,709.75,672.22,741.69
589,RJ,Duque de Caxias,Pública,10757.91,728.06,637.92,667.59,549.52,773.81,671.38
590,RJ,Rio de Janeiro,Privada,6979.25,809.73,770.79,753.7,808.39,718.88,772.3
591,CE,Sobral,Pública,12960.0,630.49,533.93,505.52,484.04,500.05,530.81
592,BA,Vitória da Conquista,Pública,7203.87,551.16,581.32,687.2,656.17,764.77,648.12
593,PR,Londrina,Privada,10860.03,445.7,532.47,503.22,493.55,645.3,524.05
594,DF,Ceilândia,Privada,9294.9,608.9,598.84,584.25,666.16,727.74,637.18
595,DF,Brasília,Pública,7953.2,636.72,557.42,546.77,641.24,603.08,597.05
596,SP,Campinas,Pública,14621.88,613.94,679.89,672.63,606.36,713.23,657.21
597,AM,Parintins,Pública,3142.77,278.75,447.55,301.27,396.83,386.72,362.22
598,RS,Caxias do Sul,Pública,3400.61,584.18,592.43,637.76,612.6,453.88,576.17
599,AM,Parintins,Pública,2397.37,649.36,647.38,617.99,645.84,666.29,645.37
600,BA,Feira de Santana,Pública,14597.11,459.69,458.54,583.78,528.99,415.86,489.37
601,SP,Santos,Pública,10465.08,330.02,370.86,469.66,422.98,573.55,433.42
602,CE,Sobral,Pública,4624.32,677.77,689.29,622.19,631.51,968.23,717.8
603,DF,Brasília,Pública,1491.29,486.24,510.37,636.77,550.44,436.58,524.08
604,MG,Uberlândia,Privada,13090.32,823.78,736.92,675.55,729.16,618.61,716.8
605,RJ,Nova Iguaçu,Pública,6939.49,589.26,684.16,694.56,656.41,545.66,634.01
606,CE,Sobral,Privada,7565.44,615.96,477.73,491.79,577.81,620.88,556.83
607,CE,Caucaia,Pública,10933.62,560.53,603.62,681.51,649.51,736.92,646.42
608,BA,Feira de Santana,Privada,10517.26,780.27,634.96,669.62,761.26,659.25,701.07
609,AM,Parintins,Pública,7398.12,463.79,484.66,515.88,662.71,585.41,542.49
610,CE,Caucaia,Privada,12769.32,722.57,814.11,728.78,665.42,749.86,736.15
611,MG,Uberlândia,Pública,11407.82,588.22,511.13,524.79,530.39,565.88,544.08
612,CE,Sobral,Pública,13136.68,619.38,591.47,503.77,532.21,560.91,561.55
613,PR,Maringá,Pública,2718.62,740.43,607.16,697.65,703.79,650.21,679.85
614,RS,Santa Maria,Privada,12986.29,673.91,674.57,691.65,725.35,745.17,702.13
615,CE,Sobral,Pública,13009.11,567.01,563.62,535.7,631.37,559.1,571.36
616,PR,Ponta Grossa,Privada,11266.51,485.02,547.22,466.63,500.84,481.91,496.32
617,CE,Caucaia,Privada,8301.99,533.0,540.56,449.71,428.44,506.43,491.63
618,PE,Petrolina,Pública,1095.46,634.54,592.38,633.13,629.75,550.72,608.1
619,DF,Ceilândia,Pública,2662.45,682.68,610.78,481.78,556.55,432.94,552.95
620,MG,Uberlândia,Pública,11439.41,568.48,557.27,560.57,427.64,699.45,562.68
621,BA,Feira de Santana,Pública,1468.1,783.73,825.11,866.35,775.01,752.2,800.48
622,RJ,Nova Iguaçu,Pública,9569.39,695.0,611.16,692.72,749.31,685.82,686.8
623,BA,Feira de Santana,Privada,13206.48,742.23,568.94,710.68,583.06,733.72,667.73
624,DF,Brasília,Privada,1395.97,705.91,669.84,619.95,624.58,718.25,667.71
625,AM,Parintins,Privada,2209.98,629.55,529.55,486.04,629.64,586.1,572.18
626,PE,Caruaru,Pública,2010.32,752.23,688.82,726.56,718.39,747.27,726.65
627,RS,Caxias do Sul,Privada,6670.41,603.53,553.36,478.44,567.95,545.45,549.75
628,SP,São Paulo,Pública,5270.22,650.77,652.72,552.29,572.82,521.99,590.12
629,SP,Santos,Pública,13378.12,458.47,529.02,605.48,605.42,407.96,521.27
630,DF,Brasília,Privada,7135.88,654.01,616.24,778.29,629.77,650.96,665.85
631,BA,Salvador,Pública,5549.8,645.81,598.87,683.0,627.67,709.26,652.92
632,AM,Parintins,Privada,3072.39,761.69,736.59,842.92,707.13,512.42,712.15
633,RJ,Rio de Janeiro,Privada,4488.54,684.74,574.84,592.46,595.96,569.23,603.44
634,DF,Ceilândia,Privada,14113.06,581.39,643.17,762.05,698.76,580.49,653.17
635,MG,Contagem,Pública,4316.39,647.21,532.79,572.92,525.68,413.57,538.44
636,RJ,Rio de Janeiro,Pública,13416.83,556.41,435.15,499.78,459.27,505.07,491.14
637,BA,Ilhéus,Pública,14950.47,418.64,496.31,546.64,464.02,524.18,489.96
638,CE,Caucaia,Privada,8087.23,573.89,520.39,376.52,468.26,620.96,512.01
639,RJ,Rio de Janeiro,Pública,4912.19,763.72,740.72,668.0,738.78,747.23,731.69
640,DF,Taguatinga,Pública,13498.39,685.55,716.14,574.65,609.75,519.69,621.15
641,PR,Ponta Grossa,Pública,8833.85,780.19,664.83,715.05,657.93,738.32,711.26
642,CE,Sobral,Pública,2915.55,597.95,550.13,459.54,467.28,560.7,527.12
643,SP,Sorocaba,Privada,9972.01,564.82,645.07,520.52,591.95,603.74,585.22
644,AM,Manaus,Pública,9585.6,593.29,601.99,645.23,598.85,553.73,598.62
645,AM,Manaus,Privada,4704.47,708.41,705.36,661.58,707.34,643.49,685.24
646,SP,Santos,Pública,6692.1,552.78,592.88,573.04,567.29,571.27,571.45
647,BA,Salvador,Pública,14320.74,850.17,694.16,681.74,717.85,628.68,714.52
648,MG,Contagem,Privada,4462.67,667.56,720.12,802.3,720.41,803.93,742.86
649,AM,Parintins,Privada,4623.88,725.34,636.17,631.61,615.31,526.88,627.06
650,RJ,Niterói,Privada,10052.02,712.59,663.05,559.86,629.1,582.16,629.35
651,AM,Manaus,Privada,8433.01,603.62,504.39,529.66,464.05,506.4,521.62
652,CE,Juazeiro do Norte,Pública,12720.73,570.49,667.75,532.72,566.03,717.51,610.9
653,DF,Brasília,Pública,6413.33,704.68,695.82,624.25,694.47,492.12,642.27
654,PE,Caruaru,Pública,14710.89,503.96,558.93,452.0,505.5,536.17,511.31
655,MG,Belo Horizonte,Pública,860.77,624.19,649.59,556.96,521.65,557.69,582.02
656,RJ,Rio de Janeiro,Privada,12388.0,711.63,592.84,712.66,571.24,744.5,666.57
657,SP,São Paulo,Pública,14094.72,583.22,520.48,690.59,531.81,572.16,579.65
658,DF,Ceilândia,Pública,10992.9,715.8,584.24,747.47,599.16,559.71,641.28
659,RS,Santa Maria,Pública,4738.34,559.77,544.8,454.25,523.82,523.0,521.13
660,DF,Brasília,Privada,2609.52,770.09,720.26,775.99,758.17,878.74,780.65
661,DF,Taguatinga,Pública,13340.05,501.26,616.97,502.39,490.02,513.25,524.78
662,PR,Maringá,Pública,8159.79,739.27,736.42,734.73,721.57,818.94,750.19
663,PE,Recife,Pública,5552.82,647.57,380.85,566.77,634.75,713.08,588.6
664,RS,Caxias do Sul,Pública,1692.39,631.59,564.32,668.0,567.97,685.11,623.4
665,RS,Porto Alegre,Pública,14415.0,627.28,473.75,541.28,560.5,473.97,535.36
666,RJ,Duque de Caxias,Pública,2014.59,611.87,560.31,563.22,533.01,666.52,586.98
667,CE,Fortaleza,Pública,9691.83,704.1,659.88,711.13,780.65,832.08,737.57
668,RS,Porto Alegre,Pública,7391.77,670.4,656.65,618.78,608.6,764.97,663.88
669,DF,Brasília,Pública,974.5,506.86,552.3,643.51,599.55,545.51,569.55
670,CE,Sobral,Pública,2754.95,664.3,652.98,501.73,589.23,533.61,588.37
671,AM,Manaus,Pública,5183.18,688.15,688.16,598.74,639.74,766.04,676.17
672,AM,Manaus,Pública,3574.78,743.26,576.31,581.03,702.05,561.29,632.79
673,DF,Ceilândia,Pública,9013.43,367.67,345.21,424.32,438.43,392.23,393.57
674,RS,Porto Alegre,Pública,10643.73,623.05,644.08,590.95,476.91,602.86,587.57
675,PR,Londrina,Privada,895.5,592.69,626.54,640.72,503.68,464.4,565.6
676,PE,Recife,Privada,3627.54,711.33,745.23,642.87,678.1,667.96,689.1
677,RJ,Rio de Janeiro,Privada,2748.86,558.12,688.69,741.84,636.07,725.2,669.98
678,MG,Contagem,Privada,1728.36,818.08,842.27,725.77,840.52,843.25,813.98
679,SP,Campinas,Privada,4977.39,697.72,634.47,673.53,567.58,635.17,641.69
680,CE,Caucaia,Privada,11942.25,552.19,721.7,641.89,588.18,594.66,619.72
681,PE,Petrolina,Privada,7826.05,731.77,617.57,622.78,638.77,681.32,658.44
682,RS,Santa Maria,Pública,6835.32,619.52,565.77,593.83,566.95,503.77,569.97
683,AM,Parintins,Pública,1384.23,526.4,475.43,553.37,483.85,528.69,513.55
684,SP,Campinas,Pública,4571.87,831.87,677.55,752.11,792.03,781.47,767.01
685,RS,Porto Alegre,Pública,5915.36,531.44,530.88,638.38,543.21,386.94,526.17
686,RS,Caxias do Sul,Privada,11483.84,560.45,690.86,598.33,529.94,502.71,576.46
687,SP,Sorocaba,Pública,14847.7,749.66,626.55,651.37,621.59,668.99,663.63
688,AM,Parintins,Privada,7351.9,705.26,762.06,650.57,765.46,829.73,742.62
689,AM,Manaus,Pública,9000.62,865.98,774.82,618.2,702.01,798.73,751.94
690,PR,Maringá,Pública,1130.01,487.51,691.19,622.76,588.6,565.58,591.13
691,DF,Ceilândia,Privada,14718.44,734.97,708.33,617.13,656.18,707.87,684.9
692,RJ,Niterói,Pública,10584.15,616.46,599.25,629.94,567.91,589.97,600.71
693,RJ,Duque de Caxias,Pública,8163.15,777.2,669.15,734.14,739.0,633.46,710.59
694,RJ,Duque de Caxias,Privada,13092.93,695.74,611.51,557.17,525.1,520.95,582.09
695,DF,Brasília,Pública,10524.67,624.93,654.19,624.11,622.22,512.75,607.64
696,DF,Taguatinga,Pública,8981.09,570.31,505.08,622.1,583.71,533.54,562.95
697,DF,Brasília,Pública,3350.01,494.85,486.9,452.47,607.44,602.76,528.88
698,SP,Campinas,Privada,3042.64,809.24,736.16,813.04,627.45,589.0,714.98
699,RJ,Nova Iguaçu,Pública,2294.19,644.21,730.05,670.35,737.01,643.28,684.98
700,CE,Sobral,Pública,6470.65,671.01,618.06,598.4,578.53,567.11,606.62
701,CE,Fortaleza,Pública,10129.72,481.38,547.41,514.58,553.68,575.7,534.55
702,MG,Juiz de Fora,Pública,11328.54,522.35,499.2,496.94,565.79,559.08,528.67
703,AM,Manaus,Pública,1478.14,616.25,701.22,697.68,692.26,684.14,678.31
704,DF,Brasília,Pública,6159.02,531.15,650.63,522.95,528.75,531.99,553.09
705,RS,Porto Alegre,Pública,13328.46,669.04,570.57,635.94,651.84,654.45,636.37
706,AM,Itacoatiara,Pública,3741.09,687.92,633.19,658.36,694.91,679.71,670.82
707,PE,Recife,Pública,7314.62,723.35,592.21,655.48,687.04,684.45,668.5
708,DF,Taguatinga,Privada,2245.75,606.9,718.82,791.68,521.27,522.65,632.26
709,PR,Londrina,Pública,9822.02,646.8,598.33,658.78,595.56,589.5,617.79
710,PR,Londrina,Pública,10805.73,653.99,647.85,650.06,579.49,640.85,634.45
711,RJ,Rio de Janeiro,Pública,7881.92,711.96,630.29,727.26,682.48,617.23,673.84
712,PE,Olinda,Pública,9939.15,560.82,576.81,563.4,711.78,627.95,608.15
713,PE,Caruaru,Pública,8458.23,658.1,661.84,602.82,656.58,652.36,646.34
714,PE,Olinda,Pública,885.81,603.02,598.82,594.0,627.69,652.4,615.19
715,DF,Ceilândia,Privada,14031.74,654.48,739.71,652.1,685.06,651.21,676.51
716,CE,Caucaia,Pública,11894.3,753.48,655.2,700.23,717.18,543.43,673.9
717,MG,Contagem,Pública,6216.15,626.9,460.51,564.73,577.83,587.21,563.43
718,CE,Juazeiro do Norte,Pública,6127.09,591.17,553.17,501.97,545.08,543.42,546.96
719,AM,Itacoatiara,Privada,7778.64,650.04,645.72,748.26,648.01,616.94,661.79
720,PR,Curitiba,Privada,2567.58,802.97,650.99,679.03,627.51,651.39,682.38
721,PE,Recife,Pública,13956.57,537.03,506.03,525.6,418.52,438.42,485.12
722,MG,Juiz de Fora,Pública,14208.57,515.3,568.12,469.15,461.44,513.8,505.56
723,PR,Ponta Grossa,Privada,14632.87,829.96,733.92,761.19,678.82,619.43,724.67
724,AM,Itacoatiara,Privada,9122.33,650.89,572.16,488.99,549.97,616.59,575.72
725,RS,Santa Maria,Pública,891.17,511.79,543.16,551.8,485.18,488.15,516.02
726,PR,Londrina,Pública,3446.88,556.33,638.95,697.66,678.38,644.63,643.19
727,MG,Uberlândia,Pública,13612.28,616.63,592.05,678.64,627.71,632.56,629.52
728,BA,Salvador,Pública,9116.18,683.81,650.61,775.71,709.45,774.1,718.73
729,SP,São Paulo,Pública,12043.37,455.28,585.49,597.35,667.93,609.23,583.06
730,PE,Caruaru,Pública,5671.7,507.82,547.84,419.42,536.16,641.71,530.59
731,RJ,Rio de Janeiro,Pública,10715.98,639.07,553.65,469.79,508.63,553.48,544.92
732,RS,Pelotas,Pública,10543.83,658.01,713.65,814.55,723.44,783.68,738.66
733,PE,Recife,Privada,11248.55,592.07,601.22,493.18,533.07,753.07,594.52
734,CE,Fortaleza,Privada,4972.85,554.87,613.87,631.52,664.67,683.92,629.77
735,AM,Parintins,Pública,7137.27,519.76,497.16,561.12,624.51,517.72,544.05
736,PR,Curitiba,Pública,13991.34,628.18,528.68,567.25,633.28,601.53,591.78
737,MG,Contagem,Pública,10623.34,722.81,532.86,500.04,528.65,490.01,554.87
738,PR,Ponta Grossa,Privada,3974.42,761.37,726.85,582.53,734.27,697.96,700.6
739,PE,Olinda,Privada,14347.77,524.57,609.56,691.95,629.26,560.54,603.17
740,MG,Uberlândia,Pública,930.48,641.99,791.58,677.24,727.49,672.45,702.15
741,BA,Feira de Santana,Privada,12857.61,613.38,509.96,600.12,585.94,745.52,610.98
742,DF,Taguatinga,Pública,3863.01,728.28,559.01,511.48,524.12,403.82,545.34
743,RS,Porto Alegre,Privada,11819.75,781.48,573.42,702.26,704.6,633.67,679.09
744,CE,Juazeiro do Norte,Privada,6353.1,686.76,716.4,796.91,653.55,701.02,710.93
745,DF,Brasília,Privada,10876.14,596.16,550.08,625.0,627.47,595.77,598.9
746,SP,Santos,Privada,8974.69,310.75,543.83,462.52,551.9,340.02,441.8
747,RJ,Nova Iguaçu,Privada,3350.79,726.35,782.37,824.06,830.19,924.65,817.53
748,CE,Juazeiro do Norte,Pública,14354.69,580.6,677.53,639.36,535.21,638.6,614.26
749,PR,Maringá,Pública,7120.68,478.62,462.83,352.72,349.0,458.0,420.23
750,DF,Taguatinga,Pública,11384.1,778.14,767.72,662.43,658.8,674.13,708.24
751,RJ,Niterói,Pública,10750.54,660.1,488.44,560.91,580.36,632.7,584.5
752,RJ,Niterói,Privada,13545.95,676.78,464.98,527.07,587.08,593.92,569.97
753,RS,Caxias do Sul,Pública,4446.0,578.63,553.7,762.06,672.13,782.27,669.76
754,SP,Campinas,Pública,14236.25,490.34,387.19,490.16,438.62,375.4,436.34
755,PE,Olinda,Pública,10209.16,643.81,646.85,585.46,667.39,692.01,647.11
756,DF,Taguatinga,Pública,11153.28,575.06,489.71,479.45,383.47,560.01,497.54
757,PR,Londrina,Pública,1801.92,349.15,591.93,630.19,515.44,455.41,508.43
758,DF,Brasília,Pública,2979.58,685.85,666.03,669.38,704.03,710.75,687.21
759,AM,Parintins,Pública,9890.52,621.35,582.24,518.96,606.5,557.61,577.33
760,RS,Santa Maria,Privada,11914.82,662.98,669.33,776.63,755.73,672.06,707.35
761,BA,Salvador,Privada,3224.61,614.57,621.63,459.95,557.79,610.31,572.85
762,PR,Ponta Grossa,Pública,4478.67,462.83,599.51,616.74,537.58,717.92,586.91
763,PE,Olinda,Pública,6739.06,552.07,468.62,527.45,580.76,490.32,523.84
764,RS,Pelotas,Pública,2034.58,673.11,537.08,533.52,554.49,586.16,576.87
765,DF,Brasília,Pública,4859.08,683.56,816.93,700.28,758.56,714.69,734.8
766,CE,Fortaleza,Pública,9551.27,681.59,682.9,608.79,715.48,835.05,704.76
767,AM,Itacoatiara,Pública,9424.7,728.55,674.54,710.09,810.61,782.14,741.18
768,AM,Parintins,Privada,6802.66,653.88,573.85,489.72,574.42,643.92,587.16
769,BA,Vitória da Conquista,Pública,11279.97,689.78,695.61,730.69,613.31,654.74,676.83
770,CE,Sobral,Pública,883.65,573.19,608.16,519.88,652.23,572.73,585.24
771,PR,Ponta Grossa,Pública,8313.17,506.15,676.72,717.41,610.25,606.09,623.32
772,PE,Caruaru,Pública,13469.15,701.7,869.76,651.4,641.04,769.59,726.7
773,SP,Santos,Privada,10870.92,809.81,707.39,782.47,834.59,776.64,782.18
774,CE,Juazeiro do Norte,Pública,7744.76,494.9,479.71,365.82,407.43,550.0,459.57
775,PR,Londrina,Pública,2331.89,657.72,650.91,598.64,624.19,584.32,623.16
776,DF,Ceilândia,Pública,7618.74,640.67,521.63,522.55,610.59,649.52,588.99
777,RJ,Nova Iguaçu,Privada,4312.43,704.72,564.11,609.73,650.31,751.03,655.98
778,MG,Uberlândia,Pública,6498.22,622.39,626.53,638.11,599.06,643.29,625.88
779,AM,Parintins,Privada,14717.77,679.44,567.27,594.16,625.07,630.26,619.24
780,PE,Petrolina,Pública,13510.51,644.98,579.69,649.06,586.94,701.69,632.47
781,PR,Londrina,Pública,7776.27,633.97,538.26,478.58,615.88,632.14,579.77
782,PE,Caruaru,Pública,4718.45,563.02,514.6,506.37,710.25,620.76,583.0
783,RS,Caxias do Sul,Privada,13942.11,739.78,561.86,771.93,824.98,788.18,737.35
784,AM,Itacoatiara,Pública,13254.47,820.6,524.06,670.19,577.39,580.57,634.56
785,RJ,Duque de Caxias,Pública,14024.92,559.09,438.9,416.56,400.49,520.79,467.17
786,RS,Santa Maria,Pública,8361.07,718.65,658.35,545.69,625.0,550.02,619.54
787,RS,Caxias do Sul,Pública,8920.95,856.16,677.26,592.88,664.35,658.91,689.91
788,RS,Pelotas,Privada,8640.54,617.87,615.0,590.99,675.76,467.36,593.4
789,BA,Salvador,Pública,4335.91,572.31,597.02,716.55,628.43,666.95,636.25
790,AM,Parintins,Privada,6598.47,636.7,472.02,606.7,714.29,663.31,618.6
791,AM,Itacoatiara,Privada,11850.24,839.86,768.65,897.04,886.51,755.56,829.52
792,AM,Manaus,Privada,3933.07,668.23,618.88,665.77,741.73,544.09,647.74
793,RJ,Duque de Caxias,Pública,3427.4,769.66,791.35,714.68,647.97,771.08,738.95
794,MG,Contagem,Pública,3467.44,543.22,635.79,565.9,562.16,599.74,581.36
795,SP,São Paulo,Pública,1094.17,569.45,471.1,604.36,568.37,593.09,561.27
796,DF,Brasília,Privada,933.43,587.46,683.94,646.84,728.27,765.92,682.49
797,CE,Caucaia,Pública,7600.5,707.05,591.94,600.25,670.2,629.87,639.86
798,RJ,Duque de Caxias,Pública,13752.77,718.33,659.43,644.96,722.77,632.54,675.61
799,RJ,Duque de Caxias,Pública,2363.93,870.11,737.88,738.7,869.9,682.3,779.78
800,SP,Campinas,Pública,8332.83,454.79,476.95,454.4,523.17,438.95,469.65
801,RJ,Nova Iguaçu,Privada,10196.59,795.28,760.07,791.91,745.51,721.49,762.85
802,PR,Ponta Grossa,Privada,11954.75,612.14,621.17,561.06,724.51,705.09,644.8
803,MG,Contagem,Pública,7817.73,431.65,365.24,359.8,503.15,328.33,397.63
804,PR,Ponta Grossa,Pública,8450.21,521.42,583.17,552.59,407.08,479.06,508.66
805,RS,Porto Alegre,Pública,840.7,616.75,745.26,576.34,662.33,640.3,648.2
806,MG,Juiz de Fora,Pública,12660.58,404.02,434.89,469.4,423.93,387.0,423.85
807,MG,Contagem,Privada,10684.94,567.13,585.79,587.6,601.33,644.27,597.22
808,RS,Porto Alegre,Pública,12601.17,673.63,567.94,685.89,687.13,715.4,666.0
809,PE,Petrolina,Privada,10672.51,687.78,706.84,630.54,600.68,608.58,646.88
810,PR,Ponta Grossa,Pública,12579.16,682.89,651.43,700.04,748.35,667.22,689.98
811,MG,Uberlândia,Pública,1595.15,571.82,465.03,468.05,461.85,404.11,474.17
812,PR,Ponta Grossa,Pública,12207.42,551.27,640.18,609.67,575.65,553.47,586.05
813,BA,Feira de Santana,Pública,1727.53,426.1,408.69,460.21,532.45,501.79,465.85
814,DF,Ceilândia,Pública,14808.21,600.68,514.4,745.25,576.49,385.66,564.5
815,AM,Manaus,Pública,6347.11,622.9,511.51,694.76,509.06,572.01,582.05
816,MG,Belo Horizonte,Pública,6225.99,408.53,504.88,525.13,484.35,444.16,473.41
817,RS,Caxias do Sul,Privada,10089.93,560.73,623.92,546.73,530.5,562.34,564.84
818,PE,Caruaru,Pública,12954.53,843.35,652.19,683.97,742.25,695.05,723.36
819,MG,Contagem,Pública,1012.17,531.79,692.1,620.3,468.14,497.2,561.9
820,MG,Juiz de Fora,Pública,4777.67,648.86,620.65,607.5,558.52,543.73,595.85
821,CE,Caucaia,Privada,14597.87,666.86,561.16,680.22,606.28,558.03,614.51
822,AM,Itacoatiara,Privada,6106.3,666.77,515.06,511.27,524.79,575.95,558.77
823,AM,Manaus,Pública,2295.23,421.34,489.95,562.45,650.52,506.35,526.12
824,CE,Sobral,Pública,3359.88,608.83,520.07,475.11,557.98,598.36,552.07
825,DF,Taguatinga,Pública,11326.24,563.12,650.07,663.43,619.07,650.98,629.33
826,DF,Taguatinga,Pública,12281.18,791.26,695.38,704.32,712.47,705.22,721.73
827,BA,Feira de Santana,Pública,1783.48,487.5,606.6,570.98,467.7,488.12,524.18
828,SP,São Paulo,Privada,6885.19,601.5,666.33,575.49,508.19,573.03,584.91
829,PR,Maringá,Privada,8898.5,731.13,753.57,630.45,647.89,590.63,670.74
830,PE,Recife,Pública,7312.96,507.45,450.01,537.4,461.66,465.81,484.47
831,CE,Caucaia,Pública,9872.61,740.31,621.67,637.43,677.61,614.62,658.33
832,RS,Pelotas,Pública,3514.46,568.55,476.77,456.7,528.05,444.25,494.86
833,RJ,Duque de Caxias,Pública,7275.16,703.78,798.63,629.09,724.97,773.85,726.06
834,PR,Maringá,Pública,9247.46,558.78,711.01,606.26,577.86,610.87,612.96
835,RJ,Rio de Janeiro,Privada,2274.13,659.88,632.47,735.05,755.22,717.43,700.01
836,CE,Fortaleza,Pública,12894.21,786.82,721.78,717.26,681.54,611.57,703.8
837,CE,Sobral,Privada,9957.0,692.7,567.77,627.21,717.89,580.61,637.24
838,PR,Londrina,Pública,13708.64,903.14,778.99,804.03,705.57,757.97,789.94
839,MG,Contagem,Pública,14623.56,476.25,441.4,557.24,461.68,603.75,508.06
840,MG,Contagem,Privada,8145.33,754.47,629.18,711.47,736.55,572.93,680.92
841,BA,Feira de Santana,Privada,3693.43,720.62,715.47,684.82,603.93,788.15,702.6
842,MG,Contagem,Pública,11841.77,630.49,602.54,680.35,736.19,617.13,653.34
843,PR,Maringá,Pública,4704.5,404.97,395.04,429.8,444.18,358.82,406.56
844,RJ,Niterói,Pública,13503.39,582.45,629.41,661.45,580.81,611.57,613.14
845,RJ,Duque de Caxias,Privada,1883.64,574.89,724.99,569.12,636.86,643.19,629.81
846,MG,Belo Horizonte,Pública,5667.91,654.8,524.29,453.94,450.66,489.63,514.66
847,DF,Brasília,Pública,8155.53,573.9,615.64,594.38,618.64,627.79,606.07
848,MG,Juiz de Fora,Pública,3629.17,776.31,598.31,729.47,582.72,776.09,692.58
849,RS,Pelotas,Pública,10556.22,637.52,560.85,593.75,612.47,772.85,635.49
850,CE,Sobral,Privada,6817.07,563.0,560.84,543.12,578.72,582.14,565.56
851,MG,Belo Horizonte,Privada,4393.5,662.72,665.67,570.93,573.66,617.52,618.1
852,PE,Petrolina,Privada,5879.97,778.2,727.82,753.92,765.34,718.03,748.66
853,PE,Olinda,Pública,6275.39,665.05,673.99,663.16,752.85,789.28,708.87
854,RJ,Duque de Caxias,Pública,6979.92,525.48,512.03,473.78,494.54,488.11,498.79
855,CE,Caucaia,Pública,9194.63,671.06,641.36,657.53,569.39,723.29,652.53
856,MG,Contagem,Pública,8375.23,618.93,611.87,482.45,622.06,547.95,576.65
857,PE,Caruaru,Pública,8701.59,600.04,595.53,610.81,577.27,748.33,626.4
858,RJ,Nova Iguaçu,Privada,2258.96,608.79,595.07,470.65,469.54,422.86,513.38
859,RJ,Niterói,Privada,12334.4,665.3,639.15,671.72,646.47,718.4,668.21
860,BA,Vitória da Conquista,Pública,12041.12,598.0,490.77,591.81,606.33,602.33,577.85
861,DF,Taguatinga,Pública,10288.94,673.83,709.34,588.41,643.82,653.26,653.73
862,RJ,Nova Iguaçu,Privada,10901.62,653.85,455.04,424.03,518.79,498.27,510.0
863,CE,Fortaleza,Pública,10321.09,563.59,463.46,623.16,527.5,432.84,522.11
864,PE,Caruaru,Privada,10105.11,730.89,624.48,567.61,676.62,676.14,655.15
865,RJ,Nova Iguaçu,Pública,10544.98,689.48,664.4,647.37,683.75,687.95,674.59
866,CE,Caucaia,Pública,7562.61,609.13,633.48,551.54,593.35,627.15,602.93
867,PR,Maringá,Pública,4670.76,618.06,599.91,630.23,699.63,595.72,628.71
868,AM,Itacoatiara,Pública,6956.63,576.33,541.07,665.74,679.51,719.19,636.37
869,RJ,Rio de Janeiro,Pública,13332.92,598.91,647.83,636.78,714.7,582.58,636.16
870,MG,Uberlândia,Pública,4889.49,523.82,486.11,411.76,510.93,449.33,476.39
871,RS,Caxias do Sul,Pública,1786.26,644.51,590.41,683.45,614.92,586.31,623.92
872,BA,Salvador,Pública,11595.7,611.47,697.67,775.3,643.91,620.73,669.82
873,SP,Santos,Privada,8258.82,697.05,616.81,749.69,564.09,685.61,662.65
874,AM,Parintins,Pública,4400.22,498.02,418.57,522.86,398.29,326.26,432.8
875,DF,Taguatinga,Pública,10538.14,625.13,652.29,522.86,638.4,666.17,620.97
876,RS,Santa Maria,Pública,11369.98,866.81,788.79,640.14,617.83,523.94,687.5
877,CE,Caucaia,Pública,10442.74,641.18,712.33,658.62,725.18,683.96,684.25
878,PE,Recife,Pública,7261.39,729.61,808.26,724.45,714.72,661.77,727.76
879,MG,Juiz de Fora,Pública,10233.35,668.13,595.45,580.02,562.99,676.6,616.64
880,SP,Sorocaba,Pública,6910.58,610.2,569.63,641.34,649.95,512.53,596.73
881,AM,Manaus,Privada,10927.4,824.29,722.15,894.62,772.23,747.49,792.16
882,PR,Ponta Grossa,Pública,13639.11,853.94,681.63,752.75,772.66,816.88,775.57
883,MG,Uberlândia,Pública,6711.63,491.02,545.84,563.25,471.37,551.66,524.63
884,PR,Curitiba,Pública,7075.0,844.41,689.96,660.34,739.12,659.99,718.77
885,SP,São Paulo,Privada,6777.04,598.22,683.72,758.2,728.38,747.73,703.25
886,DF,Taguatinga,Pública,12800.52,790.76,689.66,605.48,696.04,657.03,687.79
887,BA,Salvador,Pública,2183.07,659.35,668.31,616.72,535.63,467.5,589.5
888,SP,Campinas,Pública,8781.1,667.34,620.18,613.42,581.71,556.19,607.77
889,SP,Sorocaba,Pública,3649.94,672.01,597.2,635.98,651.84,652.22,641.85
890,AM,Parintins,Pública,13949.83,673.63,582.62,697.16,566.73,674.71,638.97
891,CE,Fortaleza,Pública,9834.0,807.85,706.0,752.83,598.99,634.21,699.98
892,BA,Vitória da Conquista,Pública,14419.1,520.22,472.13,452.05,431.23,520.71,479.27
893,SP,Santos,Pública,8811.77,698.8,733.14,611.57,783.39,711.05,707.59
894,MG,Contagem,Privada,7308.57,738.0,655.92,752.47,648.99,641.27,687.33
895,MG,Juiz de Fora,Pública,8796.7,642.71,570.37,616.7,517.26,620.94,593.6
896,CE,Sobral,Privada,9402.95,764.21,614.22,597.07,615.76,544.74,627.2
897,DF,Taguatinga,Pública,12584.39,666.28,628.03,713.38,534.9,618.25,632.17
898,PE,Olinda,Privada,12281.49,732.78,731.53,621.47,561.62,713.86,672.25
899,RJ,Rio de Janeiro,Privada,1834.92,596.89,732.44,659.17,668.64,616.32,654.69
900,DF,Ceilândia,Pública,4385.43,569.51,597.05,640.78,552.27,493.6,570.64
901,DF,Brasília,Pública,10294.95,802.39,602.93,693.36,621.61,633.6,670.78
902,MG,Contagem,Pública,3746.14,579.82,739.19,569.14,663.0,567.74,623.78
903,PR,Curitiba,Pública,2606.13,566.77,634.27,589.08,664.37,582.97,607.49
904,BA,Vitória da Conquista,Pública,5882.25,615.51,589.06,622.25,557.49,621.14,601.09
905,BA,Ilhéus,Pública,8552.37,656.85,769.2,673.32,738.62,698.06,707.21
906,RS,Pelotas,Privada,1643.37,727.89,584.89,787.21,741.62,750.24,718.37
907,DF,Ceilândia,Privada,12266.32,590.91,529.55,389.53,586.59,483.24,515.96
908,MG,Juiz de Fora,Privada,2277.67,467.44,597.85,616.51,555.46,598.91,567.23
909,RS,Santa Maria,Pública,11278.51,736.82,625.15,569.1,537.36,555.66,604.82
910,CE,Fortaleza,Privada,14751.99,721.25,691.23,667.3,616.97,622.03,663.75
911,AM,Itacoatiara,Pública,12185.09,622.58,702.85,666.77,632.71,706.2,666.22
912,DF,Ceilândia,Privada,14972.86,740.69,690.01,750.79,695.82,671.79,709.82
913,RS,Santa Maria,Privada,14168.26,488.68,455.63,493.69,481.32,418.29,467.52
914,SP,Santos,Privada,10818.12,726.8,706.37,595.1,671.89,599.71,659.97
915,MG,Belo Horizonte,Privada,10716.46,657.25,686.22,702.06,692.48,774.66,702.53
916,RJ,Rio de Janeiro,Pública,9458.42,467.01,479.77,452.78,464.02,513.62,475.44
917,SP,Santos,Pública,11634.55,741.98,704.04,866.63,754.86,887.2,790.94
918,RS,Porto Alegre,Pública,12575.2,593.62,520.76,500.45,564.82,569.75,549.88
919,BA,Ilhéus,Pública,11012.93,596.34,423.36,648.91,616.27,770.68,611.11
920,BA,Vitória da Conquista,Pública,4349.04,523.5,487.49,489.12,478.15,419.75,479.6
921,DF,Brasília,Pública,8871.86,638.51,510.11,589.19,433.16,613.75,556.94
922,CE,Caucaia,Pública,9029.9,846.58,811.61,729.46,744.86,881.4,802.78
923,BA,Ilhéus,Pública,9750.8,758.69,679.62,678.96,623.26,530.54,654.21
924,DF,Taguatinga,Pública,10986.48,781.11,713.32,815.34,749.65,662.89,744.46
925,SP,Campinas,Pública,1900.2,542.89,483.7,565.87,535.36,440.39,513.64
926,PR,Maringá,Pública,5436.88,568.91,578.07,557.32,692.81,599.83,599.39
927,MG,Juiz de Fora,Pública,14010.38,648.54,641.06,542.86,628.11,527.8,597.67
928,DF,Ceilândia,Pública,3851.14,606.85,455.89,764.65,629.44,624.24,616.21
929,RS,Santa Maria,Pública,2521.64,624.24,664.12,637.09,688.61,748.49,672.51
930,DF,Taguatinga,Privada,5467.32,590.65,801.9,629.59,598.38,728.6,669.82
931,RJ,Nova Iguaçu,Pública,1885.5,532.3,582.69,588.99,539.66,681.96,585.12
932,AM,Manaus,Privada,6588.17,416.91,410.97,477.83,473.05,461.35,448.02
933,MG,Contagem,Pública,11771.56,664.22,766.31,767.24,612.77,674.09,696.93
934,RJ,Niterói,Privada,12640.79,623.37,682.73,637.66,726.87,770.29,688.19
935,RS,Pelotas,Pública,13543.45,657.89,643.58,708.51,688.13,683.78,676.38
936,CE,Sobral,Pública,11317.9,558.74,432.26,514.45,437.53,407.78,470.15
937,AM,Manaus,Pública,910.53,488.2,462.39,503.59,551.94,510.53,503.33
938,RJ,Niterói,Pública,5643.86,625.88,488.69,574.42,488.04,507.2,536.85
939,MG,Uberlândia,Pública,14219.75,706.43,599.65,639.25,774.25,635.6,671.04
940,MG,Belo Horizonte,Pública,7710.23,763.25,792.08,662.69,742.89,710.73,734.33
941,BA,Feira de Santana,Pública,8640.72,705.31,706.66,768.43,664.52,587.9,686.56
942,CE,Fortaleza,Pública,4802.09,538.12,616.56,637.74,630.65,691.15,622.84
943,RJ,Duque de Caxias,Privada,7804.23,622.61,509.6,437.62,616.74,469.81,531.28
944,RS,Porto Alegre,Pública,8000.25,700.64,597.46,481.21,532.02,738.2,609.9
945,PR,Curitiba,Privada,12077.6,662.72,600.53,606.32,606.57,659.31,627.09
946,RS,Caxias do Sul,Pública,2950.35,663.36,610.26,701.06,765.44,799.86,708.0
947,RS,Porto Alegre,Pública,7767.81,570.13,535.66,517.97,481.88,514.72,524.07
948,PE,Petrolina,Pública,14351.56,686.84,454.05,519.9,501.53,487.8,530.02
949,AM,Parintins,Pública,3908.81,631.33,459.71,459.34,550.26,522.56,524.64
950,MG,Contagem,Privada,10180.7,787.28,797.36,628.58,761.5,635.85,722.11
951,RS,Porto Alegre,Pública,8006.32,641.5,714.0,657.47,685.03,775.71,694.74
952,CE,Sobral,Pública,13755.64,728.22,606.68,534.43,524.68,637.66,606.33
953,MG,Uberlândia,Privada,2366.48,580.07,705.92,805.19,749.38,755.11,719.13
954,PE,Recife,Pública,8164.82,561.07,562.52,403.68,505.03,546.74,515.81
955,PE,Caruaru,Pública,8651.91,894.66,752.53,745.16,675.38,609.84,735.52
956,SP,Campinas,Pública,1144.27,595.16,584.11,598.6,497.95,544.04,563.97
957,BA,Salvador,Pública,7964.04,680.23,644.18,652.46,587.58,685.56,650.0
958,DF,Taguatinga,Pública,9400.82,565.4,646.85,633.98,588.98,599.74,606.99
959,DF,Taguatinga,Pública,6899.39,626.16,686.84,638.19,743.62,586.36,656.23
960,CE,Sobral,Privada,11630.35,590.42,733.7,649.29,572.73,659.77,641.18
961,RJ,Nova Iguaçu,Pública,12297.47,652.61,681.39,578.79,635.42,676.81,645.0
962,DF,Taguatinga,Pública,12723.03,611.21,518.03,658.01,609.43,584.2,596.18
963,DF,Ceilândia,Pública,879.12,444.68,501.04,535.0,522.92,496.95,500.12
964,CE,Fortaleza,Privada,6844.97,655.8,677.96,724.39,786.81,799.76,728.94
965,CE,Caucaia,Pública,8249.17,774.43,664.72,741.55,710.69,828.71,744.02
966,BA,Vitória da Conquista,Pública,6077.17,668.91,653.3,621.9,669.39,576.49,638.0
967,BA,Ilhéus,Pública,14094.08,533.65,390.25,557.84,555.95,510.6,509.66
968,PR,Londrina,Pública,1752.08,579.93,625.93,562.32,525.99,577.15,574.26
969,CE,Caucaia,Pública,9836.08,654.46,633.18,643.55,666.89,691.95,658.0
970,BA,Vitória da Conquista,Pública,6526.41,469.29,533.06,588.54,570.3,548.13,541.86
971,BA,Salvador,Pública,8216.91,492.76,588.35,589.21,475.96,655.58,560.37
972,DF,Ceilândia,Privada,3772.16,635.38,702.22,588.86,666.13,694.09,657.34
973,SP,Santos,Pública,14571.76,826.91,644.51,704.4,697.2,639.08,702.42
974,PR,Ponta Grossa,Privada,10828.67,684.29,615.14,585.35,608.84,536.18,605.96
975,MG,Contagem,Pública,7759.33,543.26,481.5,496.67,572.01,622.58,543.21
976,CE,Juazeiro do Norte,Privada,3835.68,511.27,558.88,614.23,586.63,575.76,569.35
977,CE,Juazeiro do Norte,Pública,879.73,617.77,583.63,733.44,575.57,574.65,617.01
978,BA,Ilhéus,Pública,14939.48,550.31,568.44,574.77,569.47,498.94,552.38
979,DF,Ceilândia,Pública,3267.55,507.97,645.74,637.87,533.99,522.72,569.66
980,MG,Uberlândia,Pública,12643.71,755.83,616.79,781.43,644.85,807.91,721.36
981,DF,Ceilândia,Pública,12689.28,631.51,706.58,592.14,702.66,609.4,648.46
982,PR,Ponta Grossa,Privada,10308.9,815.6,767.02,743.01,807.31,820.13,790.61
983,MG,Belo Horizonte,Pública,8759.94,574.33,714.06,818.64,755.41,832.7,739.03
984,MG,Belo Horizonte,Pública,9194.31,743.01,588.91,706.88,746.3,799.15,716.85
985,RS,Pelotas,Privada,9920.91,720.15,726.72,729.31,703.96,668.2,709.67
986,MG,Juiz de Fora,Pública,12660.91,688.51,588.59,662.22,635.46,630.93,641.14
987,PE,Caruaru,Privada,8227.21,774.62,646.89,718.72,730.82,751.59,724.53
988,BA,Feira de Santana,Pública,14552.56,635.07,549.2,552.09,593.5,608.21,587.62
989,RJ,Niterói,Pública,7434.91,582.82,626.67,707.63,632.76,716.95,653.37
990,SP,Campinas,Pública,5552.92,788.16,724.19,620.85,703.96,652.23,697.88
991,DF,Taguatinga,Pública,10661.88,598.86,622.86,600.77,541.94,539.95,580.87
992,SP,Campinas,Privada,13592.29,670.95,686.17,609.22,692.82,644.01,660.63
993,BA,Feira de Santana,Privada,8865.43,797.41,746.86,747.75,708.92,695.44,739.27
994,CE,Fortaleza,Pública,3645.77,656.85,701.98,709.75,620.21,659.11,669.58
995,AM,Parintins,Pública,3062.48,492.56,535.82,571.48,614.79,494.66,541.86
996,RS,Porto Alegre,Pública,5320.67,632.59,694.04,642.44,743.26,733.06,689.08
997,AM,Manaus,Pública,10312.25,706.75,543.65,543.4,558.88,465.26,563.59
998,SP,Sorocaba,Privada,9967.2,773.57,669.99,743.58,687.36,655.14,705.93
999,BA,Vitória da Conquista,Pública,12462.11,865.98,843.98,881.28,828.07,724.61,828.79
1000,RJ,Nova Iguaçu,Pública,2239.95,600.72,660.74,770.83,648.53,748.72,685.91
